sample,compartment,reaction,flux,taxa,samples,name,reads,relative,genus,tot_flux,status,subset,type
D6,A,EX_asp_L_LPAREN_e_RPAREN_,-0.005177849553059,A_D6,D6,A,1,0.08955224,A,-0.0004636880258594323,Ok,MCF7,spheroid
D6,A,EX_asp_L_b,-0.005177849553059,A_D6,D6,A,1,0.08955224,A,-0.0004636880258594323,Ok,MCF7,spheroid
D6,A,EX_creat_LPAREN_e_RPAREN_,-0.0114394449384126,A_D6,D6,A,1,0.08955224,A,-0.0010244279185915104,Ok,MCF7,spheroid
D6,A,EX_creat_b,-0.0114394449384126,A_D6,D6,A,1,0.08955224,A,-0.0010244279185915104,Ok,MCF7,spheroid
D6,A,EX_cys_L_LPAREN_e_RPAREN_,-0.0002970366643658,A_D6,D6,A,1,0.08955224,A,-2.660029865608557e-05,Ok,MCF7,spheroid
D6,A,EX_cys_L_b,-0.0002970366643658,A_D6,D6,A,1,0.08955224,A,-2.660029865608557e-05,Ok,MCF7,spheroid
D6,A,EX_gln_L_LPAREN_e_RPAREN_,-0.0053016174874392,A_D6,D6,A,1,0.08955224,A,-0.00047477172162335224,Ok,MCF7,spheroid
D6,A,EX_gln_L_b,-0.0053016174874392,A_D6,D6,A,1,0.08955224,A,-0.00047477172162335224,Ok,MCF7,spheroid
D6,A,EX_gly_LPAREN_e_RPAREN_,-0.0242002776551692,A_D6,D6,A,1,0.08955224,A,-0.0021671890726423495,Ok,MCF7,spheroid
D6,A,EX_gly_b,-0.0242002776551692,A_D6,D6,A,1,0.08955224,A,-0.0021671890726423495,Ok,MCF7,spheroid
D6,A,EX_glyc_LPAREN_e_RPAREN_,-0.0649190631629974,A_D6,D6,A,1,0.08955224,A,-0.005813647524947903,Ok,MCF7,spheroid
D6,A,EX_glyc_b,-0.0649190631629974,A_D6,D6,A,1,0.08955224,A,-0.005813647524947903,Ok,MCF7,spheroid
D6,A,EX_his_L_LPAREN_e_RPAREN_,-0.0254494695535475,A_D6,D6,A,1,0.08955224,A,-0.0022790570053319785,Ok,MCF7,spheroid
D6,A,EX_his_L_b,-0.0254494695535475,A_D6,D6,A,1,0.08955224,A,-0.0022790570053319785,Ok,MCF7,spheroid
D6,A,EX_ile_L_LPAREN_e_RPAREN_,-0.0018246601735368,A_D6,D6,A,1,0.08955224,A,-0.00016340240577900918,Ok,MCF7,spheroid
D6,A,EX_ile_L_b,-0.0018246601735368,A_D6,D6,A,1,0.08955224,A,-0.00016340240577900918,Ok,MCF7,spheroid
D6,A,EX_inost_LPAREN_e_RPAREN_,-0.000148706487507,A_D6,D6,A,1,0.08955224,A,-1.3316999058783865e-05,Ok,MCF7,spheroid
D6,A,EX_inost_b,-0.000148706487507,A_D6,D6,A,1,0.08955224,A,-1.3316999058783865e-05,Ok,MCF7,spheroid
D6,A,EX_leu_L_LPAREN_e_RPAREN_,-0.0034795340851205,A_D6,D6,A,1,0.08955224,A,-0.0003116000714788915,Ok,MCF7,spheroid
D6,A,EX_leu_L_b,-0.0034795340851205,A_D6,D6,A,1,0.08955224,A,-0.0003116000714788915,Ok,MCF7,spheroid
D6,A,EX_lys_L_LPAREN_e_RPAREN_,-0.0037765643713398,A_D6,D6,A,1,0.08955224,A,-0.00033819979895767093,Ok,MCF7,spheroid
D6,A,EX_lys_L_b,-0.0037765643713398,A_D6,D6,A,1,0.08955224,A,-0.00033819979895767093,Ok,MCF7,spheroid
D6,A,EX_met_L_LPAREN_e_RPAREN_,-0.0009759839896343,A_D6,D6,A,1,0.08955224,A,-8.740155247588835e-05,Ok,MCF7,spheroid
D6,A,EX_met_L_b,-0.0009759839896343,A_D6,D6,A,1,0.08955224,A,-8.740155247588835e-05,Ok,MCF7,spheroid
D6,A,EX_o2_LPAREN_e_RPAREN_,-0.0046600340535178,A_D6,D6,A,1,0.08955224,A,-0.00041731648796879887,Ok,MCF7,spheroid
D6,A,EX_o2_b,-0.0046600340535178,A_D6,D6,A,1,0.08955224,A,-0.00041731648796879887,Ok,MCF7,spheroid
D6,A,EX_orot_LPAREN_e_RPAREN_,-0.0006500862119951,A_D6,D6,A,1,0.08955224,A,-5.821667647727608e-05,Ok,MCF7,spheroid
D6,A,EX_orot_b,-0.0006500862119951,A_D6,D6,A,1,0.08955224,A,-5.821667647727608e-05,Ok,MCF7,spheroid
D6,A,EX_phe_L_LPAREN_e_RPAREN_,-0.0016549376930495,A_D6,D6,A,1,0.08955224,A,-0.00014820337747301516,Ok,MCF7,spheroid
D6,A,EX_phe_L_b,-0.0016549376930495,A_D6,D6,A,1,0.08955224,A,-0.00014820337747301516,Ok,MCF7,spheroid
D6,A,EX_pi_LPAREN_e_RPAREN_,-0.0079192534907974,A_D6,D6,A,1,0.08955224,A,-0.0007091868892287267,Ok,MCF7,spheroid
D6,A,EX_pi_b,-0.0079192534907974,A_D6,D6,A,1,0.08955224,A,-0.0007091868892287267,Ok,MCF7,spheroid
D6,A,EX_ser_L_LPAREN_e_RPAREN_,-0.041538741872121,A_D6,D6,A,1,0.08955224,A,-0.0037198873814302293,Ok,MCF7,spheroid
D6,A,EX_ser_L_b,-0.041538741872121,A_D6,D6,A,1,0.08955224,A,-0.0037198873814302293,Ok,MCF7,spheroid
D6,A,EX_tag_hs_LPAREN_e_RPAREN_,-0.0012020425128118,A_D6,D6,A,1,0.08955224,A,-0.00010764559959752539,Ok,MCF7,spheroid
D6,A,EX_tag_hs_b,-0.0012020425128118,A_D6,D6,A,1,0.08955224,A,-0.00010764559959752539,Ok,MCF7,spheroid
D6,A,EX_thr_L_LPAREN_e_RPAREN_,-0.0019943826540241,A_D6,D6,A,1,0.08955224,A,-0.00017860143408500318,Ok,MCF7,spheroid
D6,A,EX_thr_L_b,-0.0019943826540241,A_D6,D6,A,1,0.08955224,A,-0.00017860143408500318,Ok,MCF7,spheroid
D6,A,EX_thymd_LPAREN_e_RPAREN_,-8.349631687559739e-05,A_D6,D6,A,1,0.08955224,A,-7.4772822079595485e-06,Ok,MCF7,spheroid
D6,A,EX_thymd_b,-8.349631687559739e-05,A_D6,D6,A,1,0.08955224,A,-7.4772822079595485e-06,Ok,MCF7,spheroid
D6,A,EX_trp_L_LPAREN_e_RPAREN_,-8.486761839024504e-05,A_D6,D6,A,1,0.08955224,A,-7.600085330311638e-06,Ok,MCF7,spheroid
D6,A,EX_trp_L_b,-8.486761839024504e-05,A_D6,D6,A,1,0.08955224,A,-7.600085330311638e-06,Ok,MCF7,spheroid
D6,A,EX_tyr_L_LPAREN_e_RPAREN_,-0.0010183986643897,A_D6,D6,A,1,0.08955224,A,-9.119988160910587e-05,Ok,MCF7,spheroid
D6,A,EX_tyr_L_b,-0.0010183986643897,A_D6,D6,A,1,0.08955224,A,-9.119988160910587e-05,Ok,MCF7,spheroid
D6,A,EX_val_L_LPAREN_e_RPAREN_,-0.0023543317174234,A_D6,D6,A,1,0.08955224,A,-0.00021083567899831253,Ok,MCF7,spheroid
D6,A,EX_val_L_b,-0.0023543317174234,A_D6,D6,A,1,0.08955224,A,-0.00021083567899831253,Ok,MCF7,spheroid
D6,A,EX_xylt_LPAREN_e_RPAREN_,-0.0040029694404814,A_D6,D6,A,1,0.08955224,A,-0.00035847488004665606,Ok,MCF7,spheroid
D6,A,EX_xylt_b,-0.0040029694404814,A_D6,D6,A,1,0.08955224,A,-0.00035847488004665606,Ok,MCF7,spheroid
D6,B,EX_ala_L_LPAREN_e_RPAREN_,-0.0083245290987187,B_D6,D6,B,1,0.3880597,B,-0.0032304142646900494,Ok,MCF7,spheroid
D6,B,EX_ala_L_b,-0.0083245290987187,B_D6,D6,B,1,0.3880597,B,-0.0032304142646900494,Ok,MCF7,spheroid
D6,B,EX_arg_L_LPAREN_e_RPAREN_,-0.0213324124126949,B_D6,D6,B,1,0.3880597,B,-0.00827824956114666,Ok,MCF7,spheroid
D6,B,EX_arg_L_b,-0.0213324124126949,B_D6,D6,B,1,0.3880597,B,-0.00827824956114666,Ok,MCF7,spheroid
D6,B,EX_asp_L_LPAREN_e_RPAREN_,-0.0196846015948886,B_D6,D6,B,1,0.3880597,B,-0.007638800589531992,Ok,MCF7,spheroid
D6,B,EX_asp_L_b,-0.0196846015948886,B_D6,D6,B,1,0.3880597,B,-0.007638800589531992,Ok,MCF7,spheroid
D6,B,EX_chol_LPAREN_e_RPAREN_,-0.0083655375646792,B_D6,D6,B,1,0.3880597,B,-0.003246327997688141,Ok,MCF7,spheroid
D6,B,EX_chol_b,-0.0083655375646792,B_D6,D6,B,1,0.3880597,B,-0.003246327997688141,Ok,MCF7,spheroid
D6,B,EX_cys_L_LPAREN_e_RPAREN_,-0.0012873140934402,B_D6,D6,B,1,0.3880597,B,-0.0004995547209061759,Ok,MCF7,spheroid
D6,B,EX_cys_L_b,-0.0012873140934402,B_D6,D6,B,1,0.3880597,B,-0.0004995547209061759,Ok,MCF7,spheroid
D6,B,EX_gal_LPAREN_e_RPAREN_,-0.0634468082733418,B_D6,D6,B,1,0.3880597,B,-0.024621149384510536,Ok,MCF7,spheroid
D6,B,EX_gal_b,-0.0634468082733418,B_D6,D6,B,1,0.3880597,B,-0.024621149384510536,Ok,MCF7,spheroid
D6,B,EX_gln_L_LPAREN_e_RPAREN_,-0.0196774877863336,B_D6,D6,B,1,0.3880597,B,-0.007636040007118281,Ok,MCF7,spheroid
D6,B,EX_gln_L_b,-0.0196774877863336,B_D6,D6,B,1,0.3880597,B,-0.007636040007118281,Ok,MCF7,spheroid
D6,B,EX_his_L_LPAREN_e_RPAREN_,-0.0034942211795277,B_D6,D6,B,1,0.3880597,B,-0.0013559664226611655,Ok,MCF7,spheroid
D6,B,EX_his_L_b,-0.0034942211795277,B_D6,D6,B,1,0.3880597,B,-0.0013559664226611655,Ok,MCF7,spheroid
D6,B,EX_ile_L_LPAREN_e_RPAREN_,-0.0103803980252082,B_D6,D6,B,1,0.3880597,B,-0.004028214143542887,Ok,MCF7,spheroid
D6,B,EX_ile_L_b,-0.0103803980252082,B_D6,D6,B,1,0.3880597,B,-0.004028214143542887,Ok,MCF7,spheroid
D6,B,EX_inost_LPAREN_e_RPAREN_,-0.000845983570877,B_D6,D6,B,1,0.3880597,B,-0.00032829213071945733,Ok,MCF7,spheroid
D6,B,EX_inost_b,-0.000845983570877,B_D6,D6,B,1,0.3880597,B,-0.00032829213071945733,Ok,MCF7,spheroid
D6,B,EX_lac_L_LPAREN_e_RPAREN_,-0.0337717658074986,B_D6,D6,B,1,0.3880597,B,-0.013105461307728165,Ok,MCF7,spheroid
D6,B,EX_lac_L_b,-0.0337717658074986,B_D6,D6,B,1,0.3880597,B,-0.013105461307728165,Ok,MCF7,spheroid
D6,B,EX_leu_L_LPAREN_e_RPAREN_,-0.0197948907252452,B_D6,D6,B,1,0.3880597,B,-0.007681599356371435,Ok,MCF7,spheroid
D6,B,EX_leu_L_b,-0.0197948907252452,B_D6,D6,B,1,0.3880597,B,-0.007681599356371435,Ok,MCF7,spheroid
D6,B,EX_lys_L_LPAREN_e_RPAREN_,-0.0214846807701169,B_D6,D6,B,1,0.3880597,B,-0.008337338774247333,Ok,MCF7,spheroid
D6,B,EX_lys_L_b,-0.0214846807701169,B_D6,D6,B,1,0.3880597,B,-0.008337338774247333,Ok,MCF7,spheroid
D6,B,EX_met_L_LPAREN_e_RPAREN_,-0.0042297739489861,B_D6,D6,B,1,0.3880597,B,-0.0016414048097113613,Ok,MCF7,spheroid
D6,B,EX_met_L_b,-0.0042297739489861,B_D6,D6,B,1,0.3880597,B,-0.0016414048097113613,Ok,MCF7,spheroid
D6,B,EX_o2_LPAREN_e_RPAREN_,-0.2700808949637075,B_D6,D6,B,1,0.3880597,B,-0.10480751107534786,Ok,MCF7,spheroid
D6,B,EX_o2_b,-0.2700808949637075,B_D6,D6,B,1,0.3880597,B,-0.10480751107534786,Ok,MCF7,spheroid
D6,B,EX_phe_L_LPAREN_e_RPAREN_,-0.0071722614465,B_D6,D6,B,1,0.3880597,B,-0.0027832656252503563,Ok,MCF7,spheroid
D6,B,EX_phe_L_b,-0.0071722614465,B_D6,D6,B,1,0.3880597,B,-0.0027832656252503563,Ok,MCF7,spheroid
D6,B,EX_pi_LPAREN_e_RPAREN_,-0.0338375558266248,B_D6,D6,B,1,0.3880597,B,-0.013130991762813272,Ok,MCF7,spheroid
D6,B,EX_pi_b,-0.0338375558266248,B_D6,D6,B,1,0.3880597,B,-0.013130991762813272,Ok,MCF7,spheroid
D6,B,EX_sph1p_LPAREN_e_RPAREN_,-0.000499724757139,B_D6,D6,B,1,0.3880597,B,-0.00019392303933793323,Ok,MCF7,spheroid
D6,B,EX_sph1p_b,-0.000499724757139,B_D6,D6,B,1,0.3880597,B,-0.00019392303933793323,Ok,MCF7,spheroid
D6,B,EX_thr_L_LPAREN_e_RPAREN_,-0.0113459405009432,B_D6,D6,B,1,0.3880597,B,-0.004402902267013868,Ok,MCF7,spheroid
D6,B,EX_thr_L_b,-0.0113459405009432,B_D6,D6,B,1,0.3880597,B,-0.004402902267013868,Ok,MCF7,spheroid
D6,B,EX_trp_L_LPAREN_e_RPAREN_,-0.0003678040266972,B_D6,D6,B,1,0.3880597,B,-0.00014272992025890743,Ok,MCF7,spheroid
D6,B,EX_trp_L_b,-0.0003678040266972,B_D6,D6,B,1,0.3880597,B,-0.00014272992025890743,Ok,MCF7,spheroid
D6,B,EX_tyr_L_LPAREN_e_RPAREN_,-0.005528805351222,B_D6,D6,B,1,0.3880597,B,-0.002145506545953604,Ok,MCF7,spheroid
D6,B,EX_tyr_L_b,-0.005528805351222,B_D6,D6,B,1,0.3880597,B,-0.002145506545953604,Ok,MCF7,spheroid
D6,B,EX_val_L_LPAREN_e_RPAREN_,-0.0664476207167662,B_D6,D6,B,1,0.3880597,B,-0.02578564376106208,Ok,MCF7,spheroid
D6,B,EX_val_L_b,-0.0664476207167662,B_D6,D6,B,1,0.3880597,B,-0.02578564376106208,Ok,MCF7,spheroid
D6,C,EX_ala_L_LPAREN_e_RPAREN_,-0.0051514995137594,C_D6,D6,C,1,0.5149254,C,-0.0026526379477223644,Ok,MCF7,spheroid
D6,C,EX_ala_L_b,-0.0051514995137594,C_D6,D6,C,1,0.5149254,C,-0.0026526379477223644,Ok,MCF7,spheroid
D6,C,EX_arg_L_LPAREN_e_RPAREN_,-0.008914942066355,C_D6,D6,C,1,0.5149254,C,-0.004590530109494674,Ok,MCF7,spheroid
D6,C,EX_arg_L_b,-0.008914942066355,C_D6,D6,C,1,0.5149254,C,-0.004590530109494674,Ok,MCF7,spheroid
D6,C,EX_chol_LPAREN_e_RPAREN_,-0.0083383432000924,C_D6,D6,C,1,0.5149254,C,-0.00429362470764486,Ok,MCF7,spheroid
D6,C,EX_chol_b,-0.0083383432000924,C_D6,D6,C,1,0.5149254,C,-0.00429362470764486,Ok,MCF7,spheroid
D6,C,EX_cys_L_LPAREN_e_RPAREN_,-0.002011617134002,C_D6,D6,C,1,0.5149254,C,-0.0010358327573728333,Ok,MCF7,spheroid
D6,C,EX_cys_L_b,-0.002011617134002,C_D6,D6,C,1,0.5149254,C,-0.0010358327573728333,Ok,MCF7,spheroid
D6,C,EX_gal_LPAREN_e_RPAREN_,-0.1661415330366097,C_D6,D6,C,1,0.5149254,C,-0.08555049535548946,Ok,MCF7,spheroid
D6,C,EX_gal_b,-0.1661415330366097,C_D6,D6,C,1,0.5149254,C,-0.08555049535548946,Ok,MCF7,spheroid
D6,C,EX_gly_LPAREN_e_RPAREN_,-0.0119028740665835,C_D6,D6,C,1,0.5149254,C,-0.0061290921898851354,Ok,MCF7,spheroid
D6,C,EX_gly_b,-0.0119028740665835,C_D6,D6,C,1,0.5149254,C,-0.0061290921898851354,Ok,MCF7,spheroid
D6,C,EX_his_L_LPAREN_e_RPAREN_,-0.0588495330144807,C_D6,D6,C,1,0.5149254,C,-0.030303119327294677,Ok,MCF7,spheroid
D6,C,EX_his_L_b,-0.0588495330144807,C_D6,D6,C,1,0.5149254,C,-0.030303119327294677,Ok,MCF7,spheroid
D6,C,EX_ile_L_LPAREN_e_RPAREN_,-0.0104937234853177,C_D6,D6,C,1,0.5149254,C,-0.00540348476316661,Ok,MCF7,spheroid
D6,C,EX_ile_L_b,-0.0104937234853177,C_D6,D6,C,1,0.5149254,C,-0.00540348476316661,Ok,MCF7,spheroid
D6,C,EX_inost_LPAREN_e_RPAREN_,-0.0008552193898915,C_D6,D6,C,1,0.5149254,C,-0.00044037418642763656,Ok,MCF7,spheroid
D6,C,EX_inost_b,-0.0008552193898915,C_D6,D6,C,1,0.5149254,C,-0.00044037418642763656,Ok,MCF7,spheroid
D6,C,EX_leu_L_LPAREN_e_RPAREN_,-0.0200109966099701,C_D6,D6,C,1,0.5149254,C,-0.010304170433787497,Ok,MCF7,spheroid
D6,C,EX_leu_L_b,-0.0200109966099701,C_D6,D6,C,1,0.5149254,C,-0.010304170433787497,Ok,MCF7,spheroid
D6,C,EX_lys_L_LPAREN_e_RPAREN_,-0.0217192345249283,C_D6,D6,C,1,0.5149254,C,-0.011183785525442514,Ok,MCF7,spheroid
D6,C,EX_lys_L_b,-0.0217192345249283,C_D6,D6,C,1,0.5149254,C,-0.011183785525442514,Ok,MCF7,spheroid
D6,C,EX_met_L_LPAREN_e_RPAREN_,-0.0056129389252073,C_D6,D6,C,1,0.5149254,C,-0.002890244821237939,Ok,MCF7,spheroid
D6,C,EX_met_L_b,-0.0056129389252073,C_D6,D6,C,1,0.5149254,C,-0.002890244821237939,Ok,MCF7,spheroid
D6,C,EX_o2_LPAREN_e_RPAREN_,-0.2550588207398475,C_D6,D6,C,1,0.5149254,C,-0.13133626529299425,Ok,MCF7,spheroid
D6,C,EX_o2_b,-0.2550588207398475,C_D6,D6,C,1,0.5149254,C,-0.13133626529299425,Ok,MCF7,spheroid
D6,C,EX_phe_L_LPAREN_e_RPAREN_,-0.0095176399354565,C_D6,D6,C,1,0.5149254,C,-0.004900874550820913,Ok,MCF7,spheroid
D6,C,EX_phe_L_b,-0.0095176399354565,C_D6,D6,C,1,0.5149254,C,-0.004900874550820913,Ok,MCF7,spheroid
D6,C,EX_pi_LPAREN_e_RPAREN_,-0.04592067725266,C_D6,D6,C,1,0.5149254,C,-0.023645723102596848,Ok,MCF7,spheroid
D6,C,EX_pi_b,-0.04592067725266,C_D6,D6,C,1,0.5149254,C,-0.023645723102596848,Ok,MCF7,spheroid
D6,C,EX_thr_L_LPAREN_e_RPAREN_,-0.011469807035179,C_D6,D6,C,1,0.5149254,C,-0.005906094975512361,Ok,MCF7,spheroid
D6,C,EX_thr_L_b,-0.011469807035179,C_D6,D6,C,1,0.5149254,C,-0.005906094975512361,Ok,MCF7,spheroid
D6,C,EX_trp_L_LPAREN_e_RPAREN_,-0.000488078456011,C_D6,D6,C,1,0.5149254,C,-0.00025132399419284656,Ok,MCF7,spheroid
D6,C,EX_trp_L_b,-0.000488078456011,C_D6,D6,C,1,0.5149254,C,-0.00025132399419284656,Ok,MCF7,spheroid
D6,C,EX_tyr_L_LPAREN_e_RPAREN_,-0.0058568681099716,C_D6,D6,C,1,0.5149254,C,-0.00301585015427437,Ok,MCF7,spheroid
D6,C,EX_tyr_L_b,-0.0058568681099716,C_D6,D6,C,1,0.5149254,C,-0.00301585015427437,Ok,MCF7,spheroid
D6,C,EX_val_L_LPAREN_e_RPAREN_,-0.1033240154756188,C_D6,D6,C,1,0.5149254,C,-0.0532041599983892,Ok,MCF7,spheroid
D6,C,EX_val_L_b,-0.1033240154756188,C_D6,D6,C,1,0.5149254,C,-0.0532041599983892,Ok,MCF7,spheroid
D6_2,A,EX_asp_L_LPAREN_e_RPAREN_,-0.0053028733555396,A_D6_2,D6_2,A,1,0.09155224,A,-0.00048548993413596674,Ok,MCF7,spheroid
D6_2,A,EX_asp_L_b,-0.0053028733555396,A_D6_2,D6_2,A,1,0.09155224,A,-0.00048548993413596674,Ok,MCF7,spheroid
D6_2,A,EX_creat_LPAREN_e_RPAREN_,-0.0117156605545313,A_D6_2,D6_2,A,1,0.09155224,A,-0.0010725949668469825,Ok,MCF7,spheroid
D6_2,A,EX_creat_b,-0.0117156605545313,A_D6_2,D6_2,A,1,0.09155224,A,-0.0010725949668469825,Ok,MCF7,spheroid
D6_2,A,EX_cys_L_LPAREN_e_RPAREN_,-0.0003042088799496,A_D6_2,D6_2,A,1,0.09155224,A,-2.7851004387276964e-05,Ok,MCF7,spheroid
D6_2,A,EX_cys_L_b,-0.0003042088799496,A_D6_2,D6_2,A,1,0.09155224,A,-2.7851004387276964e-05,Ok,MCF7,spheroid
D6_2,A,EX_gln_L_LPAREN_e_RPAREN_,-0.0054296297772489,A_D6_2,D6_2,A,1,0.09155224,A,-0.0004970947684778378,Ok,MCF7,spheroid
D6_2,A,EX_gln_L_b,-0.0054296297772489,A_D6_2,D6_2,A,1,0.09155224,A,-0.0004970947684778378,Ok,MCF7,spheroid
D6_2,A,EX_gly_LPAREN_e_RPAREN_,-0.0247846149756207,A_D6_2,D6_2,A,1,0.09155224,A,-0.00226908701855562,Ok,MCF7,spheroid
D6_2,A,EX_gly_b,-0.0247846149756207,A_D6_2,D6_2,A,1,0.09155224,A,-0.00226908701855562,Ok,MCF7,spheroid
D6_2,A,EX_glyc_LPAREN_e_RPAREN_,-0.0664865919308662,A_D6_2,D6_2,A,1,0.09155224,A,-0.006086996421236725,Ok,MCF7,spheroid
D6_2,A,EX_glyc_b,-0.0664865919308662,A_D6_2,D6_2,A,1,0.09155224,A,-0.006086996421236725,Ok,MCF7,spheroid
D6_2,A,EX_his_L_LPAREN_e_RPAREN_,-0.0260639697282038,A_D6_2,D6_2,A,1,0.09155224,A,-0.002386214811909249,Ok,MCF7,spheroid
D6_2,A,EX_his_L_b,-0.0260639697282038,A_D6_2,D6_2,A,1,0.09155224,A,-0.002386214811909249,Ok,MCF7,spheroid
D6_2,A,EX_ile_L_LPAREN_e_RPAREN_,-0.0018687182232721,A_D6_2,D6_2,A,1,0.09155224,A,-0.00017108533926938086,Ok,MCF7,spheroid
D6_2,A,EX_ile_L_b,-0.0018687182232721,A_D6_2,D6_2,A,1,0.09155224,A,-0.00017108533926938086,Ok,MCF7,spheroid
D6_2,A,EX_inost_LPAREN_e_RPAREN_,-0.0001522971384773,A_D6_2,D6_2,A,1,0.09155224,A,-1.3943144173187002e-05,Ok,MCF7,spheroid
D6_2,A,EX_inost_b,-0.0001522971384773,A_D6_2,D6_2,A,1,0.09155224,A,-1.3943144173187002e-05,Ok,MCF7,spheroid
D6_2,A,EX_leu_L_LPAREN_e_RPAREN_,-0.0035635505436377,A_D6_2,D6_2,A,1,0.09155224,A,-0.00032625103462324915,Ok,MCF7,spheroid
D6_2,A,EX_leu_L_b,-0.0035635505436377,A_D6_2,D6_2,A,1,0.09155224,A,-0.00032625103462324915,Ok,MCF7,spheroid
D6_2,A,EX_lys_L_LPAREN_e_RPAREN_,-0.0038677528914347,A_D6_2,D6_2,A,1,0.09155224,A,-0.00035410144097732356,Ok,MCF7,spheroid
D6_2,A,EX_lys_L_b,-0.0038677528914347,A_D6_2,D6_2,A,1,0.09155224,A,-0.00035410144097732356,Ok,MCF7,spheroid
D6_2,A,EX_met_L_LPAREN_e_RPAREN_,-0.0009995499948444,A_D6_2,D6_2,A,1,0.09155224,A,-9.151104101999327e-05,Ok,MCF7,spheroid
D6_2,A,EX_met_L_b,-0.0009995499948444,A_D6_2,D6_2,A,1,0.09155224,A,-9.151104101999327e-05,Ok,MCF7,spheroid
D6_2,A,EX_o2_LPAREN_e_RPAREN_,-0.0047725547382325,A_D6_2,D6_2,A,1,0.09155224,A,-0.000436938076807799,Ok,MCF7,spheroid
D6_2,A,EX_o2_b,-0.0047725547382325,A_D6_2,D6_2,A,1,0.09155224,A,-0.000436938076807799,Ok,MCF7,spheroid
D6_2,A,EX_orot_LPAREN_e_RPAREN_,-0.0006657831242617,A_D6_2,D6_2,A,1,0.09155224,A,-6.095393638035697e-05,Ok,MCF7,spheroid
D6_2,A,EX_orot_b,-0.0006657831242617,A_D6_2,D6_2,A,1,0.09155224,A,-6.095393638035697e-05,Ok,MCF7,spheroid
D6_2,A,EX_phe_L_LPAREN_e_RPAREN_,-0.0016948976418918,A_D6_2,D6_2,A,1,0.09155224,A,-0.00015517167568591212,Ok,MCF7,spheroid
D6_2,A,EX_phe_L_b,-0.0016948976418918,A_D6_2,D6_2,A,1,0.09155224,A,-0.00015517167568591212,Ok,MCF7,spheroid
D6_2,A,EX_pi_LPAREN_e_RPAREN_,-0.0081104709400651,A_D6_2,D6_2,A,1,0.09155224,A,-0.0007425317820178657,Ok,MCF7,spheroid
D6_2,A,EX_pi_b,-0.0081104709400651,A_D6_2,D6_2,A,1,0.09155224,A,-0.0007425317820178657,Ok,MCF7,spheroid
D6_2,A,EX_ser_L_LPAREN_e_RPAREN_,-0.0425417318983655,A_D6_2,D6_2,A,1,0.09155224,A,-0.0038947908487748134,Ok,MCF7,spheroid
D6_2,A,EX_ser_L_b,-0.0425417318983655,A_D6_2,D6_2,A,1,0.09155224,A,-0.0038947908487748134,Ok,MCF7,spheroid
D6_2,A,EX_tag_hs_LPAREN_e_RPAREN_,-0.0012310669029867,A_D6_2,D6_2,A,1,0.09155224,A,-0.00011270693255829507,Ok,MCF7,spheroid
D6_2,A,EX_tag_hs_b,-0.0012310669029867,A_D6_2,D6_2,A,1,0.09155224,A,-0.00011270693255829507,Ok,MCF7,spheroid
D6_2,A,EX_thr_L_LPAREN_e_RPAREN_,-0.0020425388046524,A_D6_2,D6_2,A,1,0.09155224,A,-0.0001869990028528496,Ok,MCF7,spheroid
D6_2,A,EX_thr_L_b,-0.0020425388046524,A_D6_2,D6_2,A,1,0.09155224,A,-0.0001869990028528496,Ok,MCF7,spheroid
D6_2,A,EX_thymd_LPAREN_e_RPAREN_,-8.551241002815824e-05,A_D6_2,D6_2,A,1,0.09155224,A,-7.82885268587635e-06,Ok,MCF7,spheroid
D6_2,A,EX_thymd_b,-8.551241002815824e-05,A_D6_2,D6_2,A,1,0.09155224,A,-7.82885268587635e-06,Ok,MCF7,spheroid
D6_2,A,EX_trp_L_LPAREN_e_RPAREN_,-8.691682284276774e-05,A_D6_2,D6_2,A,1,0.09155224,A,-7.957429824938554e-06,Ok,MCF7,spheroid
D6_2,A,EX_trp_L_b,-8.691682284276774e-05,A_D6_2,D6_2,A,1,0.09155224,A,-7.957429824938554e-06,Ok,MCF7,spheroid
D6_2,A,EX_tyr_L_LPAREN_e_RPAREN_,-0.0010429888098079,A_D6_2,D6_2,A,1,0.09155224,A,-9.54879618328472e-05,Ok,MCF7,spheroid
D6_2,A,EX_tyr_L_b,-0.0010429888098079,A_D6_2,D6_2,A,1,0.09155224,A,-9.54879618328472e-05,Ok,MCF7,spheroid
D6_2,A,EX_val_L_LPAREN_e_RPAREN_,-0.0024111791597055,A_D6_2,D6_2,A,1,0.09155224,A,-0.00022074885311235625,Ok,MCF7,spheroid
D6_2,A,EX_val_L_b,-0.0024111791597055,A_D6_2,D6_2,A,1,0.09155224,A,-0.00022074885311235625,Ok,MCF7,spheroid
D6_2,A,EX_xylt_LPAREN_e_RPAREN_,-0.0040996247132031,A_D6_2,D6_2,A,1,0.09155224,A,-0.0003753298256531014,Ok,MCF7,spheroid
D6_2,A,EX_xylt_b,-0.0040996247132031,A_D6_2,D6_2,A,1,0.09155224,A,-0.0003753298256531014,Ok,MCF7,spheroid
D6_2,B,EX_ala_L_LPAREN_e_RPAREN_,-0.011116240951358,B_D6_2,D6_2,B,1,0.403597,B,-0.004486481499245235,Ok,MCF7,spheroid
D6_2,B,EX_ala_L_b,-0.011116240951358,B_D6_2,D6_2,B,1,0.403597,B,-0.004486481499245235,Ok,MCF7,spheroid
D6_2,B,EX_arg_L_LPAREN_e_RPAREN_,-0.0222258147435747,B_D6_2,D6_2,B,1,0.403597,B,-0.008970272153062517,Ok,MCF7,spheroid
D6_2,B,EX_arg_L_b,-0.0222258147435747,B_D6_2,D6_2,B,1,0.403597,B,-0.008970272153062517,Ok,MCF7,spheroid
D6_2,B,EX_asp_L_LPAREN_e_RPAREN_,-0.0255328030728146,B_D6_2,D6_2,B,1,0.403597,B,-0.010304962721778754,Ok,MCF7,spheroid
D6_2,B,EX_asp_L_b,-0.0255328030728146,B_D6_2,D6_2,B,1,0.403597,B,-0.010304962721778754,Ok,MCF7,spheroid
D6_2,B,EX_chol_LPAREN_e_RPAREN_,-0.0087158866304464,B_D6_2,D6_2,B,1,0.403597,B,-0.003517705696388276,Ok,MCF7,spheroid
D6_2,B,EX_chol_b,-0.0087158866304464,B_D6_2,D6_2,B,1,0.403597,B,-0.003517705696388276,Ok,MCF7,spheroid
D6_2,B,EX_cys_L_LPAREN_e_RPAREN_,-0.0013412268619263,B_D6_2,D6_2,B,1,0.403597,B,-0.0005413151377928688,Ok,MCF7,spheroid
D6_2,B,EX_cys_L_b,-0.0013412268619263,B_D6_2,D6_2,B,1,0.403597,B,-0.0005413151377928688,Ok,MCF7,spheroid
D6_2,B,EX_gal_LPAREN_e_RPAREN_,-0.0632895008106858,B_D6_2,D6_2,B,1,0.403597,B,-0.025543452658690353,Ok,MCF7,spheroid
D6_2,B,EX_gal_b,-0.0632895008106858,B_D6_2,D6_2,B,1,0.403597,B,-0.025543452658690353,Ok,MCF7,spheroid
D6_2,B,EX_gln_L_LPAREN_e_RPAREN_,-0.020501581804116,B_D6_2,D6_2,B,1,0.403597,B,-0.008274376911395806,Ok,MCF7,spheroid
D6_2,B,EX_gln_L_b,-0.020501581804116,B_D6_2,D6_2,B,1,0.403597,B,-0.008274376911395806,Ok,MCF7,spheroid
D6_2,B,EX_his_L_LPAREN_e_RPAREN_,-0.0036405593097873,B_D6_2,D6_2,B,1,0.403597,B,-0.0014693188157522247,Ok,MCF7,spheroid
D6_2,B,EX_his_L_b,-0.0036405593097873,B_D6_2,D6_2,B,1,0.403597,B,-0.0014693188157522247,Ok,MCF7,spheroid
D6_2,B,EX_ile_L_LPAREN_e_RPAREN_,-0.0106344442791818,B_D6_2,D6_2,B,1,0.403597,B,-0.004292029807744937,Ok,MCF7,spheroid
D6_2,B,EX_ile_L_b,-0.0106344442791818,B_D6_2,D6_2,B,1,0.403597,B,-0.004292029807744937,Ok,MCF7,spheroid
D6_2,B,EX_inost_LPAREN_e_RPAREN_,-0.0008666878788195,B_D6_2,D6_2,B,1,0.403597,B,-0.0003497926278279137,Ok,MCF7,spheroid
D6_2,B,EX_inost_b,-0.0008666878788195,B_D6_2,D6_2,B,1,0.403597,B,-0.0003497926278279137,Ok,MCF7,spheroid
D6_2,B,EX_lac_L_LPAREN_e_RPAREN_,-0.0355349255686371,B_D6_2,D6_2,B,1,0.403597,B,-0.014341789354725226,Ok,MCF7,spheroid
D6_2,B,EX_lac_L_b,-0.0355349255686371,B_D6_2,D6_2,B,1,0.403597,B,-0.014341789354725226,Ok,MCF7,spheroid
D6_2,B,EX_leu_L_LPAREN_e_RPAREN_,-0.0202793440019285,B_D6_2,D6_2,B,1,0.403597,B,-0.008184682401146337,Ok,MCF7,spheroid
D6_2,B,EX_leu_L_b,-0.0202793440019285,B_D6_2,D6_2,B,1,0.403597,B,-0.008184682401146337,Ok,MCF7,spheroid
D6_2,B,EX_lys_L_LPAREN_e_RPAREN_,-0.0220104893811115,B_D6_2,D6_2,B,1,0.403597,B,-0.008883367482748459,Ok,MCF7,spheroid
D6_2,B,EX_lys_L_b,-0.0220104893811115,B_D6_2,D6_2,B,1,0.403597,B,-0.008883367482748459,Ok,MCF7,spheroid
D6_2,B,EX_met_L_LPAREN_e_RPAREN_,-0.0044069170602298,B_D6_2,D6_2,B,1,0.403597,B,-0.0017786185047575665,Ok,MCF7,spheroid
D6_2,B,EX_met_L_b,-0.0044069170602298,B_D6_2,D6_2,B,1,0.403597,B,-0.0017786185047575665,Ok,MCF7,spheroid
D6_2,B,EX_o2_LPAREN_e_RPAREN_,-0.2876693230547611,B_D6_2,D6_2,B,1,0.403597,B,-0.11610247577693242,Ok,MCF7,spheroid
D6_2,B,EX_o2_b,-0.2876693230547611,B_D6_2,D6_2,B,1,0.403597,B,-0.11610247577693242,Ok,MCF7,spheroid
D6_2,B,EX_phe_L_LPAREN_e_RPAREN_,-0.0074726360581482,B_D6_2,D6_2,B,1,0.403597,B,-0.003015933495160439,Ok,MCF7,spheroid
D6_2,B,EX_phe_L_b,-0.0074726360581482,B_D6_2,D6_2,B,1,0.403597,B,-0.003015933495160439,Ok,MCF7,spheroid
D6_2,B,EX_pi_LPAREN_e_RPAREN_,-0.0352546740906982,B_D6_2,D6_2,B,1,0.403597,B,-0.01422868069898352,Ok,MCF7,spheroid
D6_2,B,EX_pi_b,-0.0352546740906982,B_D6_2,D6_2,B,1,0.403597,B,-0.01422868069898352,Ok,MCF7,spheroid
D6_2,B,EX_sph1p_LPAREN_e_RPAREN_,-0.0005035900647966,B_D6_2,D6_2,B,1,0.403597,B,-0.00020324743938171335,Ok,MCF7,spheroid
D6_2,B,EX_sph1p_b,-0.0005035900647966,B_D6_2,D6_2,B,1,0.403597,B,-0.00020324743938171335,Ok,MCF7,spheroid
D6_2,B,EX_thr_L_LPAREN_e_RPAREN_,-0.0116236171059068,B_D6_2,D6_2,B,1,0.403597,B,-0.004691256993092667,Ok,MCF7,spheroid
D6_2,B,EX_thr_L_b,-0.0116236171059068,B_D6_2,D6_2,B,1,0.403597,B,-0.004691256993092667,Ok,MCF7,spheroid
D6_2,B,EX_trp_L_LPAREN_e_RPAREN_,-0.000383207674836,B_D6_2,D6_2,B,1,0.403597,B,-0.00015466146794078508,Ok,MCF7,spheroid
D6_2,B,EX_trp_L_b,-0.000383207674836,B_D6_2,D6_2,B,1,0.403597,B,-0.00015466146794078508,Ok,MCF7,spheroid
D6_2,B,EX_tyr_L_LPAREN_e_RPAREN_,-0.005935408690078,B_D6_2,D6_2,B,1,0.403597,B,-0.0023955131410894103,Ok,MCF7,spheroid
D6_2,B,EX_tyr_L_b,-0.005935408690078,B_D6_2,D6_2,B,1,0.403597,B,-0.0023955131410894103,Ok,MCF7,spheroid
D6_2,B,EX_val_L_LPAREN_e_RPAREN_,-0.0711750468065012,B_D6_2,D6_2,B,1,0.403597,B,-0.028726035365963465,Ok,MCF7,spheroid
D6_2,B,EX_val_L_b,-0.0711750468065012,B_D6_2,D6_2,B,1,0.403597,B,-0.028726035365963465,Ok,MCF7,spheroid
D6_2,C,EX_ala_L_LPAREN_e_RPAREN_,-0.0033137230028054,C_D6_2,D6_2,C,1,0.5049254,C,-0.0016731829126807177,Ok,MCF7,spheroid
D6_2,C,EX_ala_L_b,-0.0033137230028054,C_D6_2,D6_2,C,1,0.5049254,C,-0.0016731829126807177,Ok,MCF7,spheroid
D6_2,C,EX_arg_L_LPAREN_e_RPAREN_,-0.0079784662769842,C_D6_2,D6_2,C,1,0.5049254,C,-0.0040285302762927576,Ok,MCF7,spheroid
D6_2,C,EX_arg_L_b,-0.0079784662769842,C_D6_2,D6_2,C,1,0.5049254,C,-0.0040285302762927576,Ok,MCF7,spheroid
D6_2,C,EX_chol_LPAREN_e_RPAREN_,-0.0081908927779628,C_D6_2,D6_2,C,1,0.5049254,C,-0.004135789812269978,Ok,MCF7,spheroid
D6_2,C,EX_chol_b,-0.0081908927779628,C_D6_2,D6_2,C,1,0.5049254,C,-0.004135789812269978,Ok,MCF7,spheroid
D6_2,C,EX_cys_L_LPAREN_e_RPAREN_,-0.0019897658643807,C_D6_2,D6_2,C,1,0.5049254,C,-0.0010046833249787706,Ok,MCF7,spheroid
D6_2,C,EX_cys_L_b,-0.0019897658643807,C_D6_2,D6_2,C,1,0.5049254,C,-0.0010046833249787706,Ok,MCF7,spheroid
D6_2,C,EX_gal_LPAREN_e_RPAREN_,-0.1692622957397462,C_D6_2,D6_2,C,1,0.5049254,C,-0.08546483238130964,Ok,MCF7,spheroid
D6_2,C,EX_gal_b,-0.1692622957397462,C_D6_2,D6_2,C,1,0.5049254,C,-0.08546483238130964,Ok,MCF7,spheroid
D6_2,C,EX_gly_LPAREN_e_RPAREN_,-0.0125550270818543,C_D6_2,D6_2,C,1,0.5049254,C,-0.006339352071316114,Ok,MCF7,spheroid
D6_2,C,EX_gly_b,-0.0125550270818543,C_D6_2,D6_2,C,1,0.5049254,C,-0.006339352071316114,Ok,MCF7,spheroid
D6_2,C,EX_his_L_LPAREN_e_RPAREN_,-0.0600887465893475,C_D6_2,D6_2,C,1,0.5049254,C,-0.03034033440712492,Ok,MCF7,spheroid
D6_2,C,EX_his_L_b,-0.0600887465893475,C_D6_2,D6_2,C,1,0.5049254,C,-0.03034033440712492,Ok,MCF7,spheroid
D6_2,C,EX_ile_L_LPAREN_e_RPAREN_,-0.0103081585690639,C_D6_2,D6_2,C,1,0.5049254,C,-0.005204851088748017,Ok,MCF7,spheroid
D6_2,C,EX_ile_L_b,-0.0103081585690639,C_D6_2,D6_2,C,1,0.5049254,C,-0.005204851088748017,Ok,MCF7,spheroid
D6_2,C,EX_inost_LPAREN_e_RPAREN_,-0.0008400961865133,C_D6_2,D6_2,C,1,0.5049254,C,-0.00042418590301370254,Ok,MCF7,spheroid
D6_2,C,EX_inost_b,-0.0008400961865133,C_D6_2,D6_2,C,1,0.5049254,C,-0.00042418590301370254,Ok,MCF7,spheroid
D6_2,C,EX_leu_L_LPAREN_e_RPAREN_,-0.0196571337589735,C_D6_2,D6_2,C,1,0.5049254,C,-0.009925386126103197,Ok,MCF7,spheroid
D6_2,C,EX_leu_L_b,-0.0196571337589735,C_D6_2,D6_2,C,1,0.5049254,C,-0.009925386126103197,Ok,MCF7,spheroid
D6_2,C,EX_lys_L_LPAREN_e_RPAREN_,-0.0213351641859915,C_D6_2,D6_2,C,1,0.5049254,C,-0.010772666310677432,Ok,MCF7,spheroid
D6_2,C,EX_lys_L_b,-0.0213351641859915,C_D6_2,D6_2,C,1,0.5049254,C,-0.010772666310677432,Ok,MCF7,spheroid
D6_2,C,EX_met_L_LPAREN_e_RPAREN_,-0.0055136829706311,C_D6_2,D6_2,C,1,0.5049254,C,-0.0027839985794190962,Ok,MCF7,spheroid
D6_2,C,EX_met_L_b,-0.0055136829706311,C_D6_2,D6_2,C,1,0.5049254,C,-0.0027839985794190962,Ok,MCF7,spheroid
D6_2,C,EX_o2_LPAREN_e_RPAREN_,-0.2445279536592606,C_D6_2,D6_2,C,1,0.5049254,C,-0.12346837481258362,Ok,MCF7,spheroid
D6_2,C,EX_o2_b,-0.2445279536592606,C_D6_2,D6_2,C,1,0.5049254,C,-0.12346837481258362,Ok,MCF7,spheroid
D6_2,C,EX_orot_LPAREN_e_RPAREN_,-0.0041597753053655,C_D6_2,D6_2,C,1,0.5049254,C,-0.0021003762099717975,Ok,MCF7,spheroid
D6_2,C,EX_orot_b,-0.0041597753053655,C_D6_2,D6_2,C,1,0.5049254,C,-0.0021003762099717975,Ok,MCF7,spheroid
D6_2,C,EX_phe_L_LPAREN_e_RPAREN_,-0.0093493355142443,C_D6_2,D6_2,C,1,0.5049254,C,-0.004720716974264009,Ok,MCF7,spheroid
D6_2,C,EX_phe_L_b,-0.0093493355142443,C_D6_2,D6_2,C,1,0.5049254,C,-0.004720716974264009,Ok,MCF7,spheroid
D6_2,C,EX_pi_LPAREN_e_RPAREN_,-0.0451412277906434,C_D6_2,D6_2,C,1,0.5049254,C,-0.022792952498681733,Ok,MCF7,spheroid
D6_2,C,EX_pi_b,-0.0451412277906434,C_D6_2,D6_2,C,1,0.5049254,C,-0.022792952498681733,Ok,MCF7,spheroid
D6_2,C,EX_thr_L_LPAREN_e_RPAREN_,-0.0112669816238835,C_D6_2,D6_2,C,1,0.5049254,C,-0.005688985203232025,Ok,MCF7,spheroid
D6_2,C,EX_thr_L_b,-0.0112669816238835,C_D6_2,D6_2,C,1,0.5049254,C,-0.005688985203232025,Ok,MCF7,spheroid
D6_2,C,EX_trp_L_LPAREN_e_RPAREN_,-0.0004794475598432,C_D6_2,D6_2,C,1,0.5049254,C,-0.00024208525093285168,Ok,MCF7,spheroid
D6_2,C,EX_trp_L_b,-0.0004794475598432,C_D6_2,D6_2,C,1,0.5049254,C,-0.00024208525093285168,Ok,MCF7,spheroid
D6_2,C,EX_tyr_L_LPAREN_e_RPAREN_,-0.0057532986532524,C_D6_2,D6_2,C,1,0.5049254,C,-0.002904986623812929,Ok,MCF7,spheroid
D6_2,C,EX_tyr_L_b,-0.0057532986532524,C_D6_2,D6_2,C,1,0.5049254,C,-0.002904986623812929,Ok,MCF7,spheroid
D6_2,C,EX_val_L_LPAREN_e_RPAREN_,-0.1007184479058281,C_D6_2,D6_2,C,1,0.5049254,C,-0.05085530259622941,Ok,MCF7,spheroid
D6_2,C,EX_val_L_b,-0.1007184479058281,C_D6_2,D6_2,C,1,0.5049254,C,-0.05085530259622941,Ok,MCF7,spheroid
D19,A,EX_2hb_LPAREN_e_RPAREN_,-0.001841124257958,A_D19,D19,A,1,0.573913,A,-0.0010566451462574497,Ok,MCF7,spheroid
D19,A,EX_2hb_b,-0.001841124257958,A_D19,D19,A,1,0.573913,A,-0.0010566451462574497,Ok,MCF7,spheroid
D19,A,EX_arg_L_LPAREN_e_RPAREN_,-0.010829498840848,A_D19,D19,A,1,0.573913,A,-0.006215190168247599,Ok,MCF7,spheroid
D19,A,EX_arg_L_b,-0.010829498840848,A_D19,D19,A,1,0.573913,A,-0.006215190168247599,Ok,MCF7,spheroid
D19,A,EX_asp_L_LPAREN_e_RPAREN_,-0.0331397441863184,A_D19,D19,A,1,0.573913,A,-0.01901933000520255,Ok,MCF7,spheroid
D19,A,EX_asp_L_b,-0.0331397441863184,A_D19,D19,A,1,0.573913,A,-0.01901933000520255,Ok,MCF7,spheroid
D19,A,EX_chol_LPAREN_e_RPAREN_,-0.0092796557923381,A_D19,D19,A,1,0.573913,A,-0.0053257150947481355,Ok,MCF7,spheroid
D19,A,EX_chol_b,-0.0092796557923381,A_D19,D19,A,1,0.573913,A,-0.0053257150947481355,Ok,MCF7,spheroid
D19,A,EX_creat_LPAREN_e_RPAREN_,-0.0038362109073281,A_D19,D19,A,1,0.573913,A,-0.0022016513104573918,Ok,MCF7,spheroid
D19,A,EX_creat_b,-0.0038362109073281,A_D19,D19,A,1,0.573913,A,-0.0022016513104573918,Ok,MCF7,spheroid
D19,A,EX_cys_L_LPAREN_e_RPAREN_,-0.0019011211063917,A_D19,D19,A,1,0.573913,A,-0.0010910781175325797,Ok,MCF7,spheroid
D19,A,EX_cys_L_b,-0.0019011211063917,A_D19,D19,A,1,0.573913,A,-0.0010910781175325797,Ok,MCF7,spheroid
D19,A,EX_gal_LPAREN_e_RPAREN_,-0.0189161481500097,A_D19,D19,A,1,0.573913,A,-0.010856223333216517,Ok,MCF7,spheroid
D19,A,EX_gal_b,-0.0189161481500097,A_D19,D19,A,1,0.573913,A,-0.010856223333216517,Ok,MCF7,spheroid
D19,A,EX_gln_L_LPAREN_e_RPAREN_,-0.0339318949898127,A_D19,D19,A,1,0.573913,A,-0.019473955649288378,Ok,MCF7,spheroid
D19,A,EX_gln_L_b,-0.0339318949898127,A_D19,D19,A,1,0.573913,A,-0.019473955649288378,Ok,MCF7,spheroid
D19,A,EX_gly_LPAREN_e_RPAREN_,-0.0608833971839136,A_D19,D19,A,1,0.573913,A,-0.0349417731280114,Ok,MCF7,spheroid
D19,A,EX_gly_b,-0.0608833971839136,A_D19,D19,A,1,0.573913,A,-0.0349417731280114,Ok,MCF7,spheroid
D19,A,EX_glyc_LPAREN_e_RPAREN_,-0.2865716019046762,A_D19,D19,A,1,0.573913,A,-0.16446716776391843,Ok,MCF7,spheroid
D19,A,EX_glyc_b,-0.2865716019046762,A_D19,D19,A,1,0.573913,A,-0.16446716776391843,Ok,MCF7,spheroid
D19,A,EX_his_L_LPAREN_e_RPAREN_,-0.0537905069619593,A_D19,D19,A,1,0.573913,A,-0.030871071222058948,Ok,MCF7,spheroid
D19,A,EX_his_L_b,-0.0537905069619593,A_D19,D19,A,1,0.573913,A,-0.030871071222058948,Ok,MCF7,spheroid
D19,A,EX_ile_L_LPAREN_e_RPAREN_,-0.0116783561898297,A_D19,D19,A,1,0.573913,A,-0.006702360435973733,Ok,MCF7,spheroid
D19,A,EX_ile_L_b,-0.0116783561898297,A_D19,D19,A,1,0.573913,A,-0.006702360435973733,Ok,MCF7,spheroid
D19,A,EX_inost_LPAREN_e_RPAREN_,-0.0010890439349557,A_D19,D19,A,1,0.573913,A,-0.0006250164718422306,Ok,MCF7,spheroid
D19,A,EX_inost_b,-0.0010890439349557,A_D19,D19,A,1,0.573913,A,-0.0006250164718422306,Ok,MCF7,spheroid
D19,A,EX_leu_L_LPAREN_e_RPAREN_,-0.0222700308857653,A_D19,D19,A,1,0.573913,A,-0.012781060235742221,Ok,MCF7,spheroid
D19,A,EX_leu_L_b,-0.0222700308857653,A_D19,D19,A,1,0.573913,A,-0.012781060235742221,Ok,MCF7,spheroid
D19,A,EX_lys_L_LPAREN_e_RPAREN_,-0.0241711111701626,A_D19,D19,A,1,0.573913,A,-0.01387211492500153,Ok,MCF7,spheroid
D19,A,EX_lys_L_b,-0.0241711111701626,A_D19,D19,A,1,0.573913,A,-0.01387211492500153,Ok,MCF7,spheroid
D19,A,EX_met_L_LPAREN_e_RPAREN_,-0.0062465816001389,A_D19,D19,A,1,0.573913,A,-0.0035849943858805165,Ok,MCF7,spheroid
D19,A,EX_met_L_b,-0.0062465816001389,A_D19,D19,A,1,0.573913,A,-0.0035849943858805165,Ok,MCF7,spheroid
D19,A,EX_o2_LPAREN_e_RPAREN_,-0.0445969293548164,A_D19,D19,A,1,0.573913,A,-0.025594757516810743,Ok,MCF7,spheroid
D19,A,EX_o2_b,-0.0445969293548164,A_D19,D19,A,1,0.573913,A,-0.025594757516810743,Ok,MCF7,spheroid
D19,A,EX_orot_LPAREN_e_RPAREN_,-0.004695141698732,A_D19,D19,A,1,0.573913,A,-0.0026946028577443785,Ok,MCF7,spheroid
D19,A,EX_orot_b,-0.004695141698732,A_D19,D19,A,1,0.573913,A,-0.0026946028577443785,Ok,MCF7,spheroid
D19,A,EX_phe_L_LPAREN_e_RPAREN_,-0.0105920829158806,A_D19,D19,A,1,0.573913,A,-0.0060789340825017826,Ok,MCF7,spheroid
D19,A,EX_phe_L_b,-0.0105920829158806,A_D19,D19,A,1,0.573913,A,-0.0060789340825017826,Ok,MCF7,spheroid
D19,A,EX_pi_LPAREN_e_RPAREN_,-0.0506855272912652,A_D19,D19,A,1,0.573913,A,-0.029089083024311884,Ok,MCF7,spheroid
D19,A,EX_pi_b,-0.0506855272912652,A_D19,D19,A,1,0.573913,A,-0.029089083024311884,Ok,MCF7,spheroid
D19,A,EX_ser_L_LPAREN_e_RPAREN_,-0.6055897556046699,A_D19,D19,A,1,0.573913,A,-0.3475558334083429,Ok,MCF7,spheroid
D19,A,EX_ser_L_b,-0.6055897556046699,A_D19,D19,A,1,0.573913,A,-0.3475558334083429,Ok,MCF7,spheroid
D19,A,EX_tag_hs_LPAREN_e_RPAREN_,-0.007693421944276,A_D19,D19,A,1,0.573913,A,-0.004415354868305272,Ok,MCF7,spheroid
D19,A,EX_tag_hs_b,-0.007693421944276,A_D19,D19,A,1,0.573913,A,-0.004415354868305272,Ok,MCF7,spheroid
D19,A,EX_thr_L_LPAREN_e_RPAREN_,-0.0127646294637789,A_D19,D19,A,1,0.573913,A,-0.0073257867894457405,Ok,MCF7,spheroid
D19,A,EX_thr_L_b,-0.0127646294637789,A_D19,D19,A,1,0.573913,A,-0.0073257867894457405,Ok,MCF7,spheroid
D19,A,EX_trp_L_LPAREN_e_RPAREN_,-0.000543177458969,A_D19,D19,A,1,0.573913,A,-0.0003117366050092757,Ok,MCF7,spheroid
D19,A,EX_trp_L_b,-0.000543177458969,A_D19,D19,A,1,0.573913,A,-0.0003117366050092757,Ok,MCF7,spheroid
D19,A,EX_tyr_L_LPAREN_e_RPAREN_,-0.0065180478636399,A_D19,D19,A,1,0.573913,A,-0.003740792403565166,Ok,MCF7,spheroid
D19,A,EX_tyr_L_b,-0.0065180478636399,A_D19,D19,A,1,0.573913,A,-0.003740792403565166,Ok,MCF7,spheroid
D19,A,EX_val_L_LPAREN_e_RPAREN_,-0.0478168712688507,A_D19,D19,A,1,0.573913,A,-0.027442724040519912,Ok,MCF7,spheroid
D19,A,EX_val_L_b,-0.0478168712688507,A_D19,D19,A,1,0.573913,A,-0.027442724040519912,Ok,MCF7,spheroid
D19,B,EX_acac_LPAREN_e_RPAREN_,-0.0240760584458458,B_D19,D19,B,1,0.273913,B,-0.006594745397076961,Ok,MCF7,spheroid
D19,B,EX_acac_b,-0.0240760584458458,B_D19,D19,B,1,0.273913,B,-0.006594745397076961,Ok,MCF7,spheroid
D19,B,EX_ala_L_LPAREN_e_RPAREN_,-1.2825099323942335,B_D19,D19,B,1,0.273913,B,-0.3512961431119017,Ok,MCF7,spheroid
D19,B,EX_ala_L_b,-1.2825099323942335,B_D19,D19,B,1,0.273913,B,-0.3512961431119017,Ok,MCF7,spheroid
D19,B,EX_arg_L_LPAREN_e_RPAREN_,-0.0150384822878257,B_D19,D19,B,1,0.273913,B,-0.004119235798905201,Ok,MCF7,spheroid
D19,B,EX_arg_L_b,-0.0150384822878257,B_D19,D19,B,1,0.273913,B,-0.004119235798905201,Ok,MCF7,spheroid
D19,B,EX_asp_L_LPAREN_e_RPAREN_,-0.0250862821687051,B_D19,D19,B,1,0.273913,B,-0.006871458807676521,Ok,MCF7,spheroid
D19,B,EX_asp_L_b,-0.0250862821687051,B_D19,D19,B,1,0.273913,B,-0.006871458807676521,Ok,MCF7,spheroid
D19,B,EX_chol_LPAREN_e_RPAREN_,-0.007234063956753,B_D19,D19,B,1,0.273913,B,-0.0019815041605860846,Ok,MCF7,spheroid
D19,B,EX_chol_b,-0.007234063956753,B_D19,D19,B,1,0.273913,B,-0.0019815041605860846,Ok,MCF7,spheroid
D19,B,EX_cys_L_LPAREN_e_RPAREN_,-0.0009075040280746,B_D19,D19,B,1,0.273913,B,-0.0002485771508419979,Ok,MCF7,spheroid
D19,B,EX_cys_L_b,-0.0009075040280746,B_D19,D19,B,1,0.273913,B,-0.0002485771508419979,Ok,MCF7,spheroid
D19,B,EX_gal_LPAREN_e_RPAREN_,-0.3617355809869802,B_D19,D19,B,1,0.273913,B,-0.09908407819488672,Ok,MCF7,spheroid
D19,B,EX_gal_b,-0.3617355809869802,B_D19,D19,B,1,0.273913,B,-0.09908407819488672,Ok,MCF7,spheroid
D19,B,EX_glu_L_LPAREN_e_RPAREN_,-0.0805351129318004,B_D19,D19,B,1,0.273913,B,-0.022059614388488247,Ok,MCF7,spheroid
D19,B,EX_glu_L_b,-0.0805351129318004,B_D19,D19,B,1,0.273913,B,-0.022059614388488247,Ok,MCF7,spheroid
D19,B,EX_gly_LPAREN_e_RPAREN_,-0.0120736539748761,B_D19,D19,B,1,0.273913,B,-0.0033071307812202375,Ok,MCF7,spheroid
D19,B,EX_gly_b,-0.0120736539748761,B_D19,D19,B,1,0.273913,B,-0.0033071307812202375,Ok,MCF7,spheroid
D19,B,EX_h2o_LPAREN_e_RPAREN_,-0.1459293757083287,B_D19,D19,B,1,0.273913,B,-0.03997195308839544,Ok,MCF7,spheroid
D19,B,EX_h2o_b,-0.1459293757083287,B_D19,D19,B,1,0.273913,B,-0.03997195308839544,Ok,MCF7,spheroid
D19,B,EX_his_L_LPAREN_e_RPAREN_,-0.0024632836784461,B_D19,D19,B,1,0.273913,B,-0.0006747254222142066,Ok,MCF7,spheroid
D19,B,EX_his_L_b,-0.0024632836784461,B_D19,D19,B,1,0.273913,B,-0.0006747254222142066,Ok,MCF7,spheroid
D19,B,EX_ile_L_LPAREN_e_RPAREN_,-0.0091039988419338,B_D19,D19,B,1,0.273913,B,-0.002493703634790613,Ok,MCF7,spheroid
D19,B,EX_ile_L_b,-0.0091039988419338,B_D19,D19,B,1,0.273913,B,-0.002493703634790613,Ok,MCF7,spheroid
D19,B,EX_inost_LPAREN_e_RPAREN_,-0.0004543268646703,B_D19,D19,B,1,0.273913,B,-0.0001244460344824359,Ok,MCF7,spheroid
D19,B,EX_inost_b,-0.0004543268646703,B_D19,D19,B,1,0.273913,B,-0.0001244460344824359,Ok,MCF7,spheroid
D19,B,EX_lac_L_LPAREN_e_RPAREN_,-0.2720736291738019,B_D19,D19,B,1,0.273913,B,-0.0745245039878836,Ok,MCF7,spheroid
D19,B,EX_lac_L_b,-0.2720736291738019,B_D19,D19,B,1,0.273913,B,-0.0745245039878836,Ok,MCF7,spheroid
D19,B,EX_leu_L_LPAREN_e_RPAREN_,-0.0106306445529588,B_D19,D19,B,1,0.273913,B,-0.002911871741434604,Ok,MCF7,spheroid
D19,B,EX_leu_L_b,-0.0106306445529588,B_D19,D19,B,1,0.273913,B,-0.002911871741434604,Ok,MCF7,spheroid
D19,B,EX_lys_L_LPAREN_e_RPAREN_,-0.0188428717641879,B_D19,D19,B,1,0.273913,B,-0.005161307533544001,Ok,MCF7,spheroid
D19,B,EX_lys_L_b,-0.0188428717641879,B_D19,D19,B,1,0.273913,B,-0.005161307533544001,Ok,MCF7,spheroid
D19,B,EX_met_L_LPAREN_e_RPAREN_,-0.0029818184358502,B_D19,D19,B,1,0.273913,B,-0.0008167588332190359,Ok,MCF7,spheroid
D19,B,EX_met_L_b,-0.0029818184358502,B_D19,D19,B,1,0.273913,B,-0.0008167588332190359,Ok,MCF7,spheroid
D19,B,EX_nh4_LPAREN_e_RPAREN_,-0.0306127436181003,B_D19,D19,B,1,0.273913,B,-0.008385228442664708,Ok,MCF7,spheroid
D19,B,EX_nh4_b,-0.0306127436181003,B_D19,D19,B,1,0.273913,B,-0.008385228442664708,Ok,MCF7,spheroid
D19,B,EX_o2_LPAREN_e_RPAREN_,-0.7778793197427785,B_D19,D19,B,1,0.273913,B,-0.2130712581087037,Ok,MCF7,spheroid
D19,B,EX_o2_b,-0.7778793197427785,B_D19,D19,B,1,0.273913,B,-0.2130712581087037,Ok,MCF7,spheroid
D19,B,EX_phe_L_LPAREN_e_RPAREN_,-0.005056152330088,B_D19,D19,B,1,0.273913,B,-0.0013849458531913943,Ok,MCF7,spheroid
D19,B,EX_phe_L_b,-0.005056152330088,B_D19,D19,B,1,0.273913,B,-0.0013849458531913943,Ok,MCF7,spheroid
D19,B,EX_pi_LPAREN_e_RPAREN_,-0.0241948395750573,B_D19,D19,B,1,0.273913,B,-0.006627281092522671,Ok,MCF7,spheroid
D19,B,EX_pi_b,-0.0241948395750573,B_D19,D19,B,1,0.273913,B,-0.006627281092522671,Ok,MCF7,spheroid
D19,B,EX_thr_L_LPAREN_e_RPAREN_,-0.0060932218448962,B_D19,D19,B,1,0.273913,B,-0.001669012675201053,Ok,MCF7,spheroid
D19,B,EX_thr_L_b,-0.0060932218448962,B_D19,D19,B,1,0.273913,B,-0.001669012675201053,Ok,MCF7,spheroid
D19,B,EX_trp_L_LPAREN_e_RPAREN_,-0.0002592868651641,B_D19,D19,B,1,0.273913,B,-7.102204309769413e-05,Ok,MCF7,spheroid
D19,B,EX_trp_L_b,-0.0002592868651641,B_D19,D19,B,1,0.273913,B,-7.102204309769413e-05,Ok,MCF7,spheroid
D19,B,EX_tyr_L_LPAREN_e_RPAREN_,-0.0031114034090459,B_D19,D19,B,1,0.273913,B,-0.0008522538419819896,Ok,MCF7,spheroid
D19,B,EX_tyr_L_b,-0.0031114034090459,B_D19,D19,B,1,0.273913,B,-0.0008522538419819896,Ok,MCF7,spheroid
D19,B,EX_val_L_LPAREN_e_RPAREN_,-0.1311422230687821,B_D19,D19,B,1,0.273913,B,-0.03592155974743931,Ok,MCF7,spheroid
D19,B,EX_val_L_b,-0.1311422230687821,B_D19,D19,B,1,0.273913,B,-0.03592155974743931,Ok,MCF7,spheroid
D19,C,EX_acac_LPAREN_e_RPAREN_,-0.0043061629309616,C_D19,D19,C,1,0.1521739,C,-0.0006552856072398574,Ok,MCF7,spheroid
D19,C,EX_acac_b,-0.0043061629309616,C_D19,D19,C,1,0.1521739,C,-0.0006552856072398574,Ok,MCF7,spheroid
D19,C,EX_ala_L_LPAREN_e_RPAREN_,-0.0888740343151941,C_D19,D19,C,1,0.1521739,C,-0.013524308410476915,Ok,MCF7,spheroid
D19,C,EX_ala_L_b,-0.0888740343151941,C_D19,D19,C,1,0.1521739,C,-0.013524308410476915,Ok,MCF7,spheroid
D19,C,EX_arg_L_LPAREN_e_RPAREN_,-0.0118661843437084,C_D19,D19,C,1,0.1521739,C,-0.0018057235497010477,Ok,MCF7,spheroid
D19,C,EX_arg_L_b,-0.0118661843437084,C_D19,D19,C,1,0.1521739,C,-0.0018057235497010477,Ok,MCF7,spheroid
D19,C,EX_chol_LPAREN_e_RPAREN_,-0.0024603477232273,C_D19,D19,C,1,0.1521739,C,-0.00037440070839961885,Ok,MCF7,spheroid
D19,C,EX_chol_b,-0.0024603477232273,C_D19,D19,C,1,0.1521739,C,-0.00037440070839961885,Ok,MCF7,spheroid
D19,C,EX_cys_L_LPAREN_e_RPAREN_,-0.0005040509142109,C_D19,D19,C,1,0.1521739,C,-7.670339341403808e-05,Ok,MCF7,spheroid
D19,C,EX_cys_L_b,-0.0005040509142109,C_D19,D19,C,1,0.1521739,C,-7.670339341403808e-05,Ok,MCF7,spheroid
D19,C,EX_gal_LPAREN_e_RPAREN_,-0.0069636604693495,C_D19,D19,C,1,0.1521739,C,-0.001059687371896744,Ok,MCF7,spheroid
D19,C,EX_gal_b,-0.0069636604693495,C_D19,D19,C,1,0.1521739,C,-0.001059687371896744,Ok,MCF7,spheroid
D19,C,EX_hco3_LPAREN_e_RPAREN_,-0.0263563072733289,C_D19,D19,C,1,0.1521739,C,-0.004010742067380824,Ok,MCF7,spheroid
D19,C,EX_hco3_b,-0.0263563072733289,C_D19,D19,C,1,0.1521739,C,-0.004010742067380824,Ok,MCF7,spheroid
D19,C,EX_his_L_LPAREN_e_RPAREN_,-0.017397962345303,C_D19,D19,C,1,0.1521739,C,-0.0026475157821379044,Ok,MCF7,spheroid
D19,C,EX_his_L_b,-0.017397962345303,C_D19,D19,C,1,0.1521739,C,-0.0026475157821379044,Ok,MCF7,spheroid
D19,C,EX_ile_L_LPAREN_e_RPAREN_,-0.0030963235820028,C_D19,D19,C,1,0.1521739,C,-0.0004711796351353359,Ok,MCF7,spheroid
D19,C,EX_ile_L_b,-0.0030963235820028,C_D19,D19,C,1,0.1521739,C,-0.0004711796351353359,Ok,MCF7,spheroid
D19,C,EX_inost_LPAREN_e_RPAREN_,-0.0002523447438282,C_D19,D19,C,1,0.1521739,C,-3.8400283812838125e-05,Ok,MCF7,spheroid
D19,C,EX_inost_b,-0.0002523447438282,C_D19,D19,C,1,0.1521739,C,-3.8400283812838125e-05,Ok,MCF7,spheroid
D19,C,EX_leu_L_LPAREN_e_RPAREN_,-0.0072293657414166,C_D19,D19,C,1,0.1521739,C,-0.0011001207793977555,Ok,MCF7,spheroid
D19,C,EX_leu_L_b,-0.0072293657414166,C_D19,D19,C,1,0.1521739,C,-0.0011001207793977555,Ok,MCF7,spheroid
D19,C,EX_lys_L_LPAREN_e_RPAREN_,-0.0064085715748731,C_D19,D19,C,1,0.1521739,C,-0.0009752173299775816,Ok,MCF7,spheroid
D19,C,EX_lys_L_b,-0.0064085715748731,C_D19,D19,C,1,0.1521739,C,-0.0009752173299775816,Ok,MCF7,spheroid
D19,C,EX_met_L_LPAREN_e_RPAREN_,-0.0016561781128288,C_D19,D19,C,1,0.1521739,C,-0.00025202708252379855,Ok,MCF7,spheroid
D19,C,EX_met_L_b,-0.0016561781128288,C_D19,D19,C,1,0.1521739,C,-0.00025202708252379855,Ok,MCF7,spheroid
D19,C,EX_nh4_LPAREN_e_RPAREN_,-0.1153908095984826,C_D19,D19,C,1,0.1521739,C,-0.01755946952075853,Ok,MCF7,spheroid
D19,C,EX_nh4_b,-0.1153908095984826,C_D19,D19,C,1,0.1521739,C,-0.01755946952075853,Ok,MCF7,spheroid
D19,C,EX_o2_LPAREN_e_RPAREN_,-0.1118784652267509,C_D19,D19,C,1,0.1521739,C,-0.017024982379569068,Ok,MCF7,spheroid
D19,C,EX_o2_b,-0.1118784652267509,C_D19,D19,C,1,0.1521739,C,-0.017024982379569068,Ok,MCF7,spheroid
D19,C,EX_orot_LPAREN_e_RPAREN_,-0.0012448394043066,C_D19,D19,C,1,0.1521739,C,-0.00018943206702701213,Ok,MCF7,spheroid
D19,C,EX_orot_b,-0.0012448394043066,C_D19,D19,C,1,0.1521739,C,-0.00018943206702701213,Ok,MCF7,spheroid
D19,C,EX_phe_L_LPAREN_e_RPAREN_,-0.0028083161347255,C_D19,D19,C,1,0.1521739,C,-0.00042735241865410475,Ok,MCF7,spheroid
D19,C,EX_phe_L_b,-0.0028083161347255,C_D19,D19,C,1,0.1521739,C,-0.00042735241865410475,Ok,MCF7,spheroid
D19,C,EX_pi_LPAREN_e_RPAREN_,-0.0134384318192711,C_D19,D19,C,1,0.1521739,C,-0.0020449785798225782,Ok,MCF7,spheroid
D19,C,EX_pi_b,-0.0134384318192711,C_D19,D19,C,1,0.1521739,C,-0.0020449785798225782,Ok,MCF7,spheroid
D19,C,EX_pyr_LPAREN_e_RPAREN_,-0.3025773460763568,C_D19,D19,C,1,0.1521739,C,-0.04604437480408891,Ok,MCF7,spheroid
D19,C,EX_pyr_b,-0.3025773460763568,C_D19,D19,C,1,0.1521739,C,-0.04604437480408891,Ok,MCF7,spheroid
D19,C,EX_ser_L_LPAREN_e_RPAREN_,-0.1258611050984217,C_D19,D19,C,1,0.1521739,C,-0.019152775221136713,Ok,MCF7,spheroid
D19,C,EX_ser_L_b,-0.1258611050984217,C_D19,D19,C,1,0.1521739,C,-0.019152775221136713,Ok,MCF7,spheroid
D19,C,EX_thr_L_LPAREN_e_RPAREN_,-0.0103279997284295,C_D19,D19,C,1,0.1521739,C,-0.001571651997874058,Ok,MCF7,spheroid
D19,C,EX_thr_L_b,-0.0103279997284295,C_D19,D19,C,1,0.1521739,C,-0.001571651997874058,Ok,MCF7,spheroid
D19,C,EX_trp_L_LPAREN_e_RPAREN_,-0.0001440145469174,C_D19,D19,C,1,0.1521739,C,-2.1915255261153736e-05,Ok,MCF7,spheroid
D19,C,EX_trp_L_b,-0.0001440145469174,C_D19,D19,C,1,0.1521739,C,-2.1915255261153736e-05,Ok,MCF7,spheroid
D19,C,EX_tyr_L_LPAREN_e_RPAREN_,-0.0017281529164513,C_D19,D19,C,1,0.1521739,C,-0.00026297976909276847,Ok,MCF7,spheroid
D19,C,EX_tyr_L_b,-0.0017281529164513,C_D19,D19,C,1,0.1521739,C,-0.00026297976909276847,Ok,MCF7,spheroid
D19,C,EX_val_L_LPAREN_e_RPAREN_,-0.1079806659658755,C_D19,D19,C,1,0.1521739,C,-0.016431839064624542,Ok,MCF7,spheroid
D19,C,EX_val_L_b,-0.1079806659658755,C_D19,D19,C,1,0.1521739,C,-0.016431839064624542,Ok,MCF7,spheroid
D19_2,A,EX_2hb_LPAREN_e_RPAREN_,-0.0019387986274241,A_D19_2,D19_2,A,1,0.545,A,-0.0010566452519461345,Ok,MCF7,spheroid
D19_2,A,EX_2hb_b,-0.0019387986274241,A_D19_2,D19_2,A,1,0.545,A,-0.0010566452519461345,Ok,MCF7,spheroid
D19_2,A,EX_arg_L_LPAREN_e_RPAREN_,-0.010219841172362,A_D19_2,D19_2,A,1,0.545,A,-0.00556981343893729,Ok,MCF7,spheroid
D19_2,A,EX_arg_L_b,-0.010219841172362,A_D19_2,D19_2,A,1,0.545,A,-0.00556981343893729,Ok,MCF7,spheroid
D19_2,A,EX_asp_L_LPAREN_e_RPAREN_,-0.0331374105396651,A_D19_2,D19_2,A,1,0.545,A,-0.018059888744117483,Ok,MCF7,spheroid
D19_2,A,EX_asp_L_b,-0.0331374105396651,A_D19_2,D19_2,A,1,0.545,A,-0.018059888744117483,Ok,MCF7,spheroid
D19_2,A,EX_chol_LPAREN_e_RPAREN_,-0.0092790023341352,A_D19_2,D19_2,A,1,0.545,A,-0.005057056272103684,Ok,MCF7,spheroid
D19_2,A,EX_chol_b,-0.0092790023341352,A_D19_2,D19_2,A,1,0.545,A,-0.005057056272103684,Ok,MCF7,spheroid
D19_2,A,EX_creat_LPAREN_e_RPAREN_,-0.0044448358404895,A_D19_2,D19_2,A,1,0.545,A,-0.002422435533066778,Ok,MCF7,spheroid
D19_2,A,EX_creat_b,-0.0044448358404895,A_D19_2,D19_2,A,1,0.545,A,-0.002422435533066778,Ok,MCF7,spheroid
D19_2,A,EX_cys_L_LPAREN_e_RPAREN_,-0.0019009872325488,A_D19_2,D19_2,A,1,0.545,A,-0.001036038041739096,Ok,MCF7,spheroid
D19_2,A,EX_cys_L_b,-0.0019009872325488,A_D19_2,D19_2,A,1,0.545,A,-0.001036038041739096,Ok,MCF7,spheroid
D19_2,A,EX_gal_LPAREN_e_RPAREN_,-0.0235028054120189,A_D19_2,D19_2,A,1,0.545,A,-0.012809028949550301,Ok,MCF7,spheroid
D19_2,A,EX_gal_b,-0.0235028054120189,A_D19_2,D19_2,A,1,0.545,A,-0.012809028949550301,Ok,MCF7,spheroid
D19_2,A,EX_gln_L_LPAREN_e_RPAREN_,-0.0339295055611938,A_D19_2,D19_2,A,1,0.545,A,-0.01849158053085062,Ok,MCF7,spheroid
D19_2,A,EX_gln_L_b,-0.0339295055611938,A_D19_2,D19_2,A,1,0.545,A,-0.01849158053085062,Ok,MCF7,spheroid
D19_2,A,EX_gly_LPAREN_e_RPAREN_,-0.0646615596970706,A_D19_2,D19_2,A,1,0.545,A,-0.03524055003490348,Ok,MCF7,spheroid
D19_2,A,EX_gly_b,-0.0646615596970706,A_D19_2,D19_2,A,1,0.545,A,-0.03524055003490348,Ok,MCF7,spheroid
D19_2,A,EX_glyc_LPAREN_e_RPAREN_,-0.2807065787170014,A_D19_2,D19_2,A,1,0.545,A,-0.15298508540076577,Ok,MCF7,spheroid
D19_2,A,EX_glyc_b,-0.2807065787170014,A_D19_2,D19_2,A,1,0.545,A,-0.15298508540076577,Ok,MCF7,spheroid
D19_2,A,EX_his_L_LPAREN_e_RPAREN_,-0.0549409824461357,A_D19_2,D19_2,A,1,0.545,A,-0.029942835433143956,Ok,MCF7,spheroid
D19_2,A,EX_his_L_b,-0.0549409824461357,A_D19_2,D19_2,A,1,0.545,A,-0.029942835433143956,Ok,MCF7,spheroid
D19_2,A,EX_ile_L_LPAREN_e_RPAREN_,-0.011677533819063,A_D19_2,D19_2,A,1,0.545,A,-0.0063642559313893355,Ok,MCF7,spheroid
D19_2,A,EX_ile_L_b,-0.011677533819063,A_D19_2,D19_2,A,1,0.545,A,-0.0063642559313893355,Ok,MCF7,spheroid
D19_2,A,EX_inost_LPAREN_e_RPAREN_,-0.0010962597746115,A_D19_2,D19_2,A,1,0.545,A,-0.0005974615771632676,Ok,MCF7,spheroid
D19_2,A,EX_inost_b,-0.0010962597746115,A_D19_2,D19_2,A,1,0.545,A,-0.0005974615771632676,Ok,MCF7,spheroid
D19_2,A,EX_leu_L_LPAREN_e_RPAREN_,-0.0222684626665675,A_D19_2,D19_2,A,1,0.545,A,-0.012136312153279288,Ok,MCF7,spheroid
D19_2,A,EX_leu_L_b,-0.0222684626665675,A_D19_2,D19_2,A,1,0.545,A,-0.012136312153279288,Ok,MCF7,spheroid
D19_2,A,EX_lys_L_LPAREN_e_RPAREN_,-0.0241694090799965,A_D19_2,D19_2,A,1,0.545,A,-0.013172327948598092,Ok,MCF7,spheroid
D19_2,A,EX_lys_L_b,-0.0241694090799965,A_D19_2,D19_2,A,1,0.545,A,-0.013172327948598092,Ok,MCF7,spheroid
D19_2,A,EX_met_L_LPAREN_e_RPAREN_,-0.0062461417260662,A_D19_2,D19_2,A,1,0.545,A,-0.0034041472407060794,Ok,MCF7,spheroid
D19_2,A,EX_met_L_b,-0.0062461417260662,A_D19_2,D19_2,A,1,0.545,A,-0.0034041472407060794,Ok,MCF7,spheroid
D19_2,A,EX_o2_LPAREN_e_RPAREN_,-0.0485881066798274,A_D19_2,D19_2,A,1,0.545,A,-0.026480518140505935,Ok,MCF7,spheroid
D19_2,A,EX_o2_b,-0.0485881066798274,A_D19_2,D19_2,A,1,0.545,A,-0.026480518140505935,Ok,MCF7,spheroid
D19_2,A,EX_orot_LPAREN_e_RPAREN_,-0.0046948110745229,A_D19_2,D19_2,A,1,0.545,A,-0.0025586720356149807,Ok,MCF7,spheroid
D19_2,A,EX_orot_b,-0.0046948110745229,A_D19_2,D19_2,A,1,0.545,A,-0.0025586720356149807,Ok,MCF7,spheroid
D19_2,A,EX_phe_L_LPAREN_e_RPAREN_,-0.0105913370387034,A_D19_2,D19_2,A,1,0.545,A,-0.005772278686093353,Ok,MCF7,spheroid
D19_2,A,EX_phe_L_b,-0.0105913370387034,A_D19_2,D19_2,A,1,0.545,A,-0.005772278686093353,Ok,MCF7,spheroid
D19_2,A,EX_pi_LPAREN_e_RPAREN_,-0.0506819580992256,A_D19_2,D19_2,A,1,0.545,A,-0.027621667164077955,Ok,MCF7,spheroid
D19_2,A,EX_pi_b,-0.0506819580992256,A_D19_2,D19_2,A,1,0.545,A,-0.027621667164077955,Ok,MCF7,spheroid
D19_2,A,EX_ser_L_LPAREN_e_RPAREN_,-0.5953852814438654,A_D19_2,D19_2,A,1,0.545,A,-0.32448497838690665,Ok,MCF7,spheroid
D19_2,A,EX_ser_L_b,-0.5953852814438654,A_D19_2,D19_2,A,1,0.545,A,-0.32448497838690665,Ok,MCF7,spheroid
D19_2,A,EX_tag_hs_LPAREN_e_RPAREN_,-0.0076928801860696,A_D19_2,D19_2,A,1,0.545,A,-0.0041926197014079325,Ok,MCF7,spheroid
D19_2,A,EX_tag_hs_b,-0.0076928801860696,A_D19_2,D19_2,A,1,0.545,A,-0.0041926197014079325,Ok,MCF7,spheroid
D19_2,A,EX_thr_L_LPAREN_e_RPAREN_,-0.0127637305994226,A_D19_2,D19_2,A,1,0.545,A,-0.0069562331766853175,Ok,MCF7,spheroid
D19_2,A,EX_thr_L_b,-0.0127637305994226,A_D19_2,D19_2,A,1,0.545,A,-0.0069562331766853175,Ok,MCF7,spheroid
D19_2,A,EX_trp_L_LPAREN_e_RPAREN_,-0.0005431392092996,A_D19_2,D19_2,A,1,0.545,A,-0.000296010869068282,Ok,MCF7,spheroid
D19_2,A,EX_trp_L_b,-0.0005431392092996,A_D19_2,D19_2,A,1,0.545,A,-0.000296010869068282,Ok,MCF7,spheroid
D19_2,A,EX_tyr_L_LPAREN_e_RPAREN_,-0.0065175888733564,A_D19_2,D19_2,A,1,0.545,A,-0.003552085935979238,Ok,MCF7,spheroid
D19_2,A,EX_tyr_L_b,-0.0065175888733564,A_D19_2,D19_2,A,1,0.545,A,-0.003552085935979238,Ok,MCF7,spheroid
D19_2,A,EX_val_L_LPAREN_e_RPAREN_,-0.049176098047668,A_D19_2,D19_2,A,1,0.545,A,-0.026800973435979064,Ok,MCF7,spheroid
D19_2,A,EX_val_L_b,-0.049176098047668,A_D19_2,D19_2,A,1,0.545,A,-0.026800973435979064,Ok,MCF7,spheroid
D19_2,B,EX_acac_LPAREN_e_RPAREN_,-0.0204918655634135,B_D19_2,D19_2,B,1,0.28,B,-0.0057377223577557805,Ok,MCF7,spheroid
D19_2,B,EX_acac_b,-0.0204918655634135,B_D19_2,D19_2,B,1,0.28,B,-0.0057377223577557805,Ok,MCF7,spheroid
D19_2,B,EX_ala_L_LPAREN_e_RPAREN_,-1.1533677735888617,B_D19_2,D19_2,B,1,0.28,B,-0.3229429766048813,Ok,MCF7,spheroid
D19_2,B,EX_ala_L_b,-1.1533677735888617,B_D19_2,D19_2,B,1,0.28,B,-0.3229429766048813,Ok,MCF7,spheroid
D19_2,B,EX_arg_L_LPAREN_e_RPAREN_,-0.0161868488713647,B_D19_2,D19_2,B,1,0.28,B,-0.004532317683982116,Ok,MCF7,spheroid
D19_2,B,EX_arg_L_b,-0.0161868488713647,B_D19_2,D19_2,B,1,0.28,B,-0.004532317683982116,Ok,MCF7,spheroid
D19_2,B,EX_asp_L_LPAREN_e_RPAREN_,-0.0257491421704088,B_D19_2,D19_2,B,1,0.28,B,-0.007209759807714465,Ok,MCF7,spheroid
D19_2,B,EX_asp_L_b,-0.0257491421704088,B_D19_2,D19_2,B,1,0.28,B,-0.007209759807714465,Ok,MCF7,spheroid
D19_2,B,EX_chol_LPAREN_e_RPAREN_,-0.007511355852178,B_D19_2,D19_2,B,1,0.28,B,-0.00210317963860984,Ok,MCF7,spheroid
D19_2,B,EX_chol_b,-0.007511355852178,B_D19_2,D19_2,B,1,0.28,B,-0.00210317963860984,Ok,MCF7,spheroid
D19_2,B,EX_cys_L_LPAREN_e_RPAREN_,-0.0009768027299198,B_D19_2,D19_2,B,1,0.28,B,-0.00027350476437754405,Ok,MCF7,spheroid
D19_2,B,EX_cys_L_b,-0.0009768027299198,B_D19_2,D19_2,B,1,0.28,B,-0.00027350476437754405,Ok,MCF7,spheroid
D19_2,B,EX_gal_LPAREN_e_RPAREN_,-0.3455335630708986,B_D19_2,D19_2,B,1,0.28,B,-0.09674939765985162,Ok,MCF7,spheroid
D19_2,B,EX_gal_b,-0.3455335630708986,B_D19_2,D19_2,B,1,0.28,B,-0.09674939765985162,Ok,MCF7,spheroid
D19_2,B,EX_glu_L_LPAREN_e_RPAREN_,-0.0692895099903659,B_D19_2,D19_2,B,1,0.28,B,-0.019401062797302453,Ok,MCF7,spheroid
D19_2,B,EX_glu_L_b,-0.0692895099903659,B_D19_2,D19_2,B,1,0.28,B,-0.019401062797302453,Ok,MCF7,spheroid
D19_2,B,EX_gly_LPAREN_e_RPAREN_,-0.0138209649350266,B_D19_2,D19_2,B,1,0.28,B,-0.003869870181807448,Ok,MCF7,spheroid
D19_2,B,EX_gly_b,-0.0138209649350266,B_D19_2,D19_2,B,1,0.28,B,-0.003869870181807448,Ok,MCF7,spheroid
D19_2,B,EX_h2o_LPAREN_e_RPAREN_,-0.059801352637867,B_D19_2,D19_2,B,1,0.28,B,-0.01674437873860276,Ok,MCF7,spheroid
D19_2,B,EX_h2o_b,-0.059801352637867,B_D19_2,D19_2,B,1,0.28,B,-0.01674437873860276,Ok,MCF7,spheroid
D19_2,B,EX_his_L_LPAREN_e_RPAREN_,-0.0026513846189509,B_D19_2,D19_2,B,1,0.28,B,-0.0007423876933062521,Ok,MCF7,spheroid
D19_2,B,EX_his_L_b,-0.0026513846189509,B_D19_2,D19_2,B,1,0.28,B,-0.0007423876933062521,Ok,MCF7,spheroid
D19_2,B,EX_ile_L_LPAREN_e_RPAREN_,-0.0094529679843164,B_D19_2,D19_2,B,1,0.28,B,-0.0026468310356085926,Ok,MCF7,spheroid
D19_2,B,EX_ile_L_b,-0.0094529679843164,B_D19_2,D19_2,B,1,0.28,B,-0.0026468310356085926,Ok,MCF7,spheroid
D19_2,B,EX_inost_LPAREN_e_RPAREN_,-0.0004890201122604,B_D19_2,D19_2,B,1,0.28,B,-0.00013692563143291201,Ok,MCF7,spheroid
D19_2,B,EX_inost_b,-0.0004890201122604,B_D19_2,D19_2,B,1,0.28,B,-0.00013692563143291201,Ok,MCF7,spheroid
D19_2,B,EX_lac_L_LPAREN_e_RPAREN_,-0.2681097107935399,B_D19_2,D19_2,B,1,0.28,B,-0.07507071902219117,Ok,MCF7,spheroid
D19_2,B,EX_lac_L_b,-0.2681097107935399,B_D19_2,D19_2,B,1,0.28,B,-0.07507071902219117,Ok,MCF7,spheroid
D19_2,B,EX_leu_L_LPAREN_e_RPAREN_,-0.0114424204178665,B_D19_2,D19_2,B,1,0.28,B,-0.0032038777170026204,Ok,MCF7,spheroid
D19_2,B,EX_leu_L_b,-0.0114424204178665,B_D19_2,D19_2,B,1,0.28,B,-0.0032038777170026204,Ok,MCF7,spheroid
D19_2,B,EX_lys_L_LPAREN_e_RPAREN_,-0.0195651456696934,B_D19_2,D19_2,B,1,0.28,B,-0.0054782407875141525,Ok,MCF7,spheroid
D19_2,B,EX_lys_L_b,-0.0195651456696934,B_D19_2,D19_2,B,1,0.28,B,-0.0054782407875141525,Ok,MCF7,spheroid
D19_2,B,EX_met_L_LPAREN_e_RPAREN_,-0.003209515658507,B_D19_2,D19_2,B,1,0.28,B,-0.00089866438438196,Ok,MCF7,spheroid
D19_2,B,EX_met_L_b,-0.003209515658507,B_D19_2,D19_2,B,1,0.28,B,-0.00089866438438196,Ok,MCF7,spheroid
D19_2,B,EX_nh4_LPAREN_e_RPAREN_,-0.0467077801331129,B_D19_2,D19_2,B,1,0.28,B,-0.013078178437271614,Ok,MCF7,spheroid
D19_2,B,EX_nh4_b,-0.0467077801331129,B_D19_2,D19_2,B,1,0.28,B,-0.013078178437271614,Ok,MCF7,spheroid
D19_2,B,EX_o2_LPAREN_e_RPAREN_,-0.7362877349361283,B_D19_2,D19_2,B,1,0.28,B,-0.20616056578211595,Ok,MCF7,spheroid
D19_2,B,EX_o2_b,-0.7362877349361283,B_D19_2,D19_2,B,1,0.28,B,-0.20616056578211595,Ok,MCF7,spheroid
D19_2,B,EX_phe_L_LPAREN_e_RPAREN_,-0.005442249561579,B_D19_2,D19_2,B,1,0.28,B,-0.00152382987724212,Ok,MCF7,spheroid
D19_2,B,EX_phe_L_b,-0.005442249561579,B_D19_2,D19_2,B,1,0.28,B,-0.00152382987724212,Ok,MCF7,spheroid
D19_2,B,EX_pi_LPAREN_e_RPAREN_,-0.0260424026954865,B_D19_2,D19_2,B,1,0.28,B,-0.007291872754736221,Ok,MCF7,spheroid
D19_2,B,EX_pi_b,-0.0260424026954865,B_D19_2,D19_2,B,1,0.28,B,-0.007291872754736221,Ok,MCF7,spheroid
D19_2,B,EX_thr_L_LPAREN_e_RPAREN_,-0.0065585116406912,B_D19_2,D19_2,B,1,0.28,B,-0.0018363832593935362,Ok,MCF7,spheroid
D19_2,B,EX_thr_L_b,-0.0065585116406912,B_D19_2,D19_2,B,1,0.28,B,-0.0018363832593935362,Ok,MCF7,spheroid
D19_2,B,EX_trp_L_LPAREN_e_RPAREN_,-0.0002790864942628,B_D19_2,D19_2,B,1,0.28,B,-7.814421839358401e-05,Ok,MCF7,spheroid
D19_2,B,EX_trp_L_b,-0.0002790864942628,B_D19_2,D19_2,B,1,0.28,B,-7.814421839358401e-05,Ok,MCF7,spheroid
D19_2,B,EX_tyr_L_LPAREN_e_RPAREN_,-0.0033489959821841,B_D19_2,D19_2,B,1,0.28,B,-0.0009377188750115482,Ok,MCF7,spheroid
D19_2,B,EX_tyr_L_b,-0.0033489959821841,B_D19_2,D19_2,B,1,0.28,B,-0.0009377188750115482,Ok,MCF7,spheroid
D19_2,B,EX_val_L_LPAREN_e_RPAREN_,-0.1252229976809209,B_D19_2,D19_2,B,1,0.28,B,-0.03506243935065786,Ok,MCF7,spheroid
D19_2,B,EX_val_L_b,-0.1252229976809209,B_D19_2,D19_2,B,1,0.28,B,-0.03506243935065786,Ok,MCF7,spheroid
D19_2,C,EX_acac_LPAREN_e_RPAREN_,-0.0046294102331635,C_D19_2,D19_2,C,1,0.175,C,-0.0008101467908036125,Ok,MCF7,spheroid
D19_2,C,EX_acac_b,-0.0046294102331635,C_D19_2,D19_2,C,1,0.175,C,-0.0008101467908036125,Ok,MCF7,spheroid
D19_2,C,EX_ala_L_LPAREN_e_RPAREN_,-0.1185128283996338,C_D19_2,D19_2,C,1,0.175,C,-0.020739744969935914,Ok,MCF7,spheroid
D19_2,C,EX_ala_L_b,-0.1185128283996338,C_D19_2,D19_2,C,1,0.175,C,-0.020739744969935914,Ok,MCF7,spheroid
D19_2,C,EX_arg_L_LPAREN_e_RPAREN_,-0.0116458263311399,C_D19_2,D19_2,C,1,0.175,C,-0.0020380196079494823,Ok,MCF7,spheroid
D19_2,C,EX_arg_L_b,-0.0116458263311399,C_D19_2,D19_2,C,1,0.175,C,-0.0020380196079494823,Ok,MCF7,spheroid
D19_2,C,EX_chol_LPAREN_e_RPAREN_,-0.0029793418353339,C_D19_2,D19_2,C,1,0.175,C,-0.0005213848211834325,Ok,MCF7,spheroid
D19_2,C,EX_chol_b,-0.0029793418353339,C_D19_2,D19_2,C,1,0.175,C,-0.0005213848211834325,Ok,MCF7,spheroid
D19_2,C,EX_cys_L_LPAREN_e_RPAREN_,-0.0006103771274561,C_D19_2,D19_2,C,1,0.175,C,-0.00010681599730481749,Ok,MCF7,spheroid
D19_2,C,EX_cys_L_b,-0.0006103771274561,C_D19_2,D19_2,C,1,0.175,C,-0.00010681599730481749,Ok,MCF7,spheroid
D19_2,C,EX_gal_LPAREN_e_RPAREN_,-0.0082375622319889,C_D19_2,D19_2,C,1,0.175,C,-0.0014415733905980576,Ok,MCF7,spheroid
D19_2,C,EX_gal_b,-0.0082375622319889,C_D19_2,D19_2,C,1,0.175,C,-0.0014415733905980576,Ok,MCF7,spheroid
D19_2,C,EX_his_L_LPAREN_e_RPAREN_,-0.020046244110455,C_D19_2,D19_2,C,1,0.175,C,-0.003508092719329625,Ok,MCF7,spheroid
D19_2,C,EX_his_L_b,-0.020046244110455,C_D19_2,D19_2,C,1,0.175,C,-0.003508092719329625,Ok,MCF7,spheroid
D19_2,C,EX_ile_L_LPAREN_e_RPAREN_,-0.0037494726036086,C_D19_2,D19_2,C,1,0.175,C,-0.0006561577056315049,Ok,MCF7,spheroid
D19_2,C,EX_ile_L_b,-0.0037494726036086,C_D19_2,D19_2,C,1,0.175,C,-0.0006561577056315049,Ok,MCF7,spheroid
D19_2,C,EX_inost_LPAREN_e_RPAREN_,-0.0003055752018775,C_D19_2,D19_2,C,1,0.175,C,-5.34756603285625e-05,Ok,MCF7,spheroid
D19_2,C,EX_inost_b,-0.0003055752018775,C_D19_2,D19_2,C,1,0.175,C,-5.34756603285625e-05,Ok,MCF7,spheroid
D19_2,C,EX_leu_L_LPAREN_e_RPAREN_,-0.0087543527254264,C_D19_2,D19_2,C,1,0.175,C,-0.0015320117269496199,Ok,MCF7,spheroid
D19_2,C,EX_leu_L_b,-0.0087543527254264,C_D19_2,D19_2,C,1,0.175,C,-0.0015320117269496199,Ok,MCF7,spheroid
D19_2,C,EX_lys_L_LPAREN_e_RPAREN_,-0.007760417447297,C_D19_2,D19_2,C,1,0.175,C,-0.0013580730532769749,Ok,MCF7,spheroid
D19_2,C,EX_lys_L_b,-0.007760417447297,C_D19_2,D19_2,C,1,0.175,C,-0.0013580730532769749,Ok,MCF7,spheroid
D19_2,C,EX_met_L_LPAREN_e_RPAREN_,-0.0020055379537339,C_D19_2,D19_2,C,1,0.175,C,-0.0003509691419034325,Ok,MCF7,spheroid
D19_2,C,EX_met_L_b,-0.0020055379537339,C_D19_2,D19_2,C,1,0.175,C,-0.0003509691419034325,Ok,MCF7,spheroid
D19_2,C,EX_nh4_LPAREN_e_RPAREN_,-0.0648078338847756,C_D19_2,D19_2,C,1,0.175,C,-0.01134137092983573,Ok,MCF7,spheroid
D19_2,C,EX_nh4_b,-0.0648078338847756,C_D19_2,D19_2,C,1,0.175,C,-0.01134137092983573,Ok,MCF7,spheroid
D19_2,C,EX_o2_LPAREN_e_RPAREN_,-0.1317139408606251,C_D19_2,D19_2,C,1,0.175,C,-0.02304993965060939,Ok,MCF7,spheroid
D19_2,C,EX_o2_b,-0.1317139408606251,C_D19_2,D19_2,C,1,0.175,C,-0.02304993965060939,Ok,MCF7,spheroid
D19_2,C,EX_orot_LPAREN_e_RPAREN_,-0.0015074300597876,C_D19_2,D19_2,C,1,0.175,C,-0.00026380026046283,Ok,MCF7,spheroid
D19_2,C,EX_orot_b,-0.0015074300597876,C_D19_2,D19_2,C,1,0.175,C,-0.00026380026046283,Ok,MCF7,spheroid
D19_2,C,EX_phe_L_LPAREN_e_RPAREN_,-0.0034007118863896,C_D19_2,D19_2,C,1,0.175,C,-0.00059512458011818,Ok,MCF7,spheroid
D19_2,C,EX_phe_L_b,-0.0034007118863896,C_D19_2,D19_2,C,1,0.175,C,-0.00059512458011818,Ok,MCF7,spheroid
D19_2,C,EX_pi_LPAREN_e_RPAREN_,-0.0162731803079919,C_D19_2,D19_2,C,1,0.175,C,-0.0028478065538985824,Ok,MCF7,spheroid
D19_2,C,EX_pi_b,-0.0162731803079919,C_D19_2,D19_2,C,1,0.175,C,-0.0028478065538985824,Ok,MCF7,spheroid
D19_2,C,EX_pyr_LPAREN_e_RPAREN_,-0.2257929637803093,C_D19_2,D19_2,C,1,0.175,C,-0.03951376866155413,Ok,MCF7,spheroid
D19_2,C,EX_pyr_b,-0.2257929637803093,C_D19_2,D19_2,C,1,0.175,C,-0.03951376866155413,Ok,MCF7,spheroid
D19_2,C,EX_ser_L_LPAREN_e_RPAREN_,-0.1124802955776571,C_D19_2,D19_2,C,1,0.175,C,-0.01968405172608999,Ok,MCF7,spheroid
D19_2,C,EX_ser_L_b,-0.1124802955776571,C_D19_2,D19_2,C,1,0.175,C,-0.01968405172608999,Ok,MCF7,spheroid
D19_2,C,EX_thr_L_LPAREN_e_RPAREN_,-0.0101362061890915,C_D19_2,D19_2,C,1,0.175,C,-0.0017738360830910124,Ok,MCF7,spheroid
D19_2,C,EX_thr_L_b,-0.0101362061890915,C_D19_2,D19_2,C,1,0.175,C,-0.0017738360830910124,Ok,MCF7,spheroid
D19_2,C,EX_trp_L_LPAREN_e_RPAREN_,-0.0001743934649874,C_D19_2,D19_2,C,1,0.175,C,-3.0518856372795e-05,Ok,MCF7,spheroid
D19_2,C,EX_trp_L_b,-0.0001743934649874,C_D19_2,D19_2,C,1,0.175,C,-3.0518856372795e-05,Ok,MCF7,spheroid
D19_2,C,EX_tyr_L_LPAREN_e_RPAREN_,-0.0020926953670938,C_D19_2,D19_2,C,1,0.175,C,-0.000366221689241415,Ok,MCF7,spheroid
D19_2,C,EX_tyr_L_b,-0.0020926953670938,C_D19_2,D19_2,C,1,0.175,C,-0.000366221689241415,Ok,MCF7,spheroid
D19_2,C,EX_val_L_LPAREN_e_RPAREN_,-0.1024726745424901,C_D19_2,D19_2,C,1,0.175,C,-0.017932718044935764,Ok,MCF7,spheroid
D19_2,C,EX_val_L_b,-0.1024726745424901,C_D19_2,D19_2,C,1,0.175,C,-0.017932718044935764,Ok,MCF7,spheroid
