,EX_arg_L_m,EX_chol_m,EX_co2_m,EX_cys_L_m,EX_gal_m,EX_h_m,EX_hco3_m,EX_his_L_m,EX_ile_L_m,EX_inost_m,EX_leu_L_m,EX_lys_L_m,EX_met_L_m,EX_nh4_m,EX_o2_m,EX_phe_L_m,EX_pi_m,EX_thr_L_m,EX_trp_L_m,EX_tyr_L_m,EX_val_L_m,EX_h2o_m
com_0.106_0.3694_0.5245,0.0095185275129421,0.0045556775921075585,-0.02155601433701193,0.0012338900651505114,0.111,-0.20456584256738375,-0.21778656577068944,0.048596295044845,0.007579636895009167,0.000617726629637472,0.014453981794271093,0.015687845364599613,0.004054236708874092,-0.010671498008914966,0.12362789559503767,0.006874609847412209,0.03289657263828115,0.008284663942606126,0.0003525400186149983,0.004230427233732034,0.009342336988076705,
com_0.0576_0.4062_0.5362,0.0095185275129349,0.004555677592102905,-0.02155601433745513,0.0012338900651576168,0.111,-0.20456584256725208,-0.21778656577052447,0.04859629504532818,0.007579636895007095,0.0006177266296428561,0.01445398179427151,0.015687845364604023,0.0040542367088704226,-0.01067149800936295,0.12362789559527246,0.006874609847410068,0.03289657263867748,0.008284663942604123,0.0003525400186098572,0.0042304272337337,0.009342336988079241,
com_0.0933_0.3883_0.5184,0.009518527512924986,0.004555677592105225,-0.22612185690506692,0.0012338900651460705,0.111,,-0.013220723202498785,0.04859629504483277,0.007579636895007363,0.000617726629629155,0.014453981794253766,0.015687845364587803,0.004054236708867857,-0.010671498008470772,0.12362789559522368,0.006874609847409043,0.03289657263871384,0.008284663942598317,0.0003525400186110041,0.00423042723373046,0.00934233698806975,-0.20456584256939547
com_0.1149_0.4093_0.4758,0.009518527512938923,0.004555677592106266,-0.22612185690479336,0.0012338900651451823,0.111,,-0.013220723203169804,0.04859629504510051,0.007579636895005865,0.0006177266296365735,0.014453981794261944,0.015687845364602843,0.004054236708873922,-0.010671498008987975,0.12362789559534872,0.006874609847413707,0.032896572638771424,0.008284663942604785,0.0003525400186111657,0.004230427233730864,0.009342336988075219,-0.2045658425679786
com_0.0533_0.4236_0.5231,0.009518527512942002,0.004555677592109917,-0.2261218569050154,0.0012338900651460705,0.111,,-0.013220723202786222,0.04859629504490854,0.007579636895015205,0.0006177266296387494,0.014453981794275652,0.01568784536460349,0.004054236708872041,-0.010671498008771556,0.1236278955952328,0.006874609847416246,0.03289657263846477,0.008284663942606732,0.0003525400186083695,0.00423042723373469,0.009342336988079354,-0.20456584256843602
com_0.1035_0.3746_0.5219,0.00951852751293716,0.0045556775921049356,-0.02155601433721177,0.001233890065154064,0.111,-0.20456584256849553,-0.21778656577102407,0.04859629504530689,0.007579636895013209,0.0006177266296374915,0.014453981794264176,0.015687845364600266,0.004054236708871317,-0.010671498009119894,0.1236278955955182,0.006874609847415946,0.032896572638817775,0.008284663942603056,0.0003525400186127059,0.004230427233731739,0.009342336988076738,
com_0.0787_0.4004_0.5209,0.009518527512931047,0.0045556775921008754,-0.2261218569050678,0.0012338900651460705,0.111,,-0.013220723202931772,0.04859629504540857,0.007579636895005204,0.0006177266296401908,0.014453981794253052,0.015687845364583553,0.00405423670886648,-0.010671498008848342,0.12362789559570196,0.006874609847409862,0.03289657263926269,0.008284663942600546,0.00035254001861017117,0.004230427233726663,0.009342336988070864,-0.20456584256924626
com_0.0623_0.3762_0.5615,0.009518527512927725,0.004555677592101486,-0.22612185690502695,0.001233890065143406,0.111,,-0.013220723202694629,0.04859629504515539,0.0075796368950086035,0.0006177266296313137,0.014453981794253702,0.015687845364592605,0.004054236708871333,-0.010671498008917788,0.12362789559531927,0.0068746098474080945,0.032896572638664606,0.008284663942601132,0.0003525400186105351,0.0042304272337297995,0.00934233698807724,-0.20456584256856458
com_0.1022_0.401_0.4968,0.009518527512933661,0.004555677592107334,-0.22612185690391895,0.001233890065153509,0.111,,-0.013220723204160123,0.04859629504524021,0.007579636895015331,0.0006177266296332559,0.014453981794261038,0.015687845364594645,0.004054236708871519,-0.010671498009498905,0.12362789559531531,0.006874609847409428,0.032896572639013716,0.008284663942607113,0.00035254001861367515,0.004230427233728534,0.009342336988076646,-0.20456584256647503
com_0.1181_0.3732_0.5088,0.009518527512939804,0.0045556775921103375,-0.2261218569050859,0.0012338900651470142,0.111,,-0.013220723202886864,0.048596295045240295,0.007579636895010613,0.0006177266296299998,0.014453981794271287,0.015687845364605966,0.004054236708875388,-0.010671498009067183,0.12362789559551247,0.0068746098474160985,0.03289657263884052,0.008284663942612356,0.00035254001861352244,0.004230427233736968,0.009342336988085455,-0.20456584256832233
com_0.0776_0.4198_0.5026,0.00951852751293738,0.004555677592108865,-0.22612185690477649,0.0012338900651496232,0.111,,-0.01322072320373513,0.04859629504547363,0.007579636895013945,0.0006177266296364107,0.014453981794268721,0.015687845364601556,0.004054236708870948,-0.010671498009596658,0.12362789559556353,0.006874609847416202,0.03289657263896311,0.008284663942604546,0.00035254001861644225,0.004230427233733598,0.009342336988081873,-0.20456584256711852
com_0.0923_0.379_0.5287,0.009518527512936017,0.0045556775921030655,-0.2261218569052854,0.001233890065143406,0.111,,-0.013220723202029383,0.04859629504480545,0.00757963689500772,0.0006177266296467338,0.014453981794267762,0.015687845364595377,0.004054236708868577,-0.010671498008223566,0.12362789559525197,0.006874609847415801,0.03289657263861718,0.008284663942607151,0.0003525400186116601,0.004230427233731061,0.009342336988073534,-0.20456584256982613
com_0.1271_0.4034_0.4695,0.009518527512973421,0.004555677592119619,-0.22612185690624464,0.001233890065153176,0.111,,-0.013220723202890028,0.048596295046567234,0.007579636895034445,0.0006177266296464646,0.014453981794311769,0.01568784536465913,0.004054236708885543,-0.010671498010964326,0.12362789559616337,0.0068746098474366125,0.03289657263724031,0.008284663942638947,0.00035254001861288866,0.004230427233746733,0.00934233698811223,-0.2045658425653345
com_0.1086_0.3604_0.531,0.009518527512954086,0.004555677592107534,-0.22612185690532538,0.0012338900651522877,0.111,,-0.01322072320282075,0.04859629504530887,0.00757963689501143,0.0006177266296426548,0.01445398179427033,0.015687845364608603,0.004054236708875101,-0.010671498009148572,0.12362789559549958,0.006874609847420808,0.03289657263897698,0.0082846639426096,0.0003525400186106144,0.004230427233734499,0.009342336988087141,-0.20456584256781696
com_0.0956_0.3546_0.5498,0.00951852751294173,0.004555677592107883,-0.02155601433757326,0.0012338900651451823,0.111,-0.20456584256808186,-0.21778656577083932,0.048596295045242544,0.007579636895014443,0.0006177266296363204,0.014453981794270552,0.015687845364594943,0.004054236708875783,-0.010671498009056465,0.123627895595437,0.006874609847419361,0.03289657263883541,0.008284663942609525,0.00035254001861074037,0.004230427233733741,0.009342336988083772,
com_0.0575_0.4194_0.5231,0.009518527512936685,0.004555677592107039,-0.02155601433617793,0.0012338900651425178,0.111,-0.2045658425697176,-0.21778656577240096,0.048596295045664546,0.007579636895007158,0.000617726629637831,0.014453981794255765,0.01568784536459805,0.004054236708875549,-0.01067149800886004,0.12362789559603016,0.006874609847414364,0.0328965726394386,0.008284663942607386,0.0003525400186161344,0.004230427233731837,0.009342336988080397,
com_0.0604_0.4034_0.5362,0.009518527512933651,0.0045556775921041966,-0.2261218569053396,0.0012338900651380769,0.111,,-0.01322072320239509,0.048596295044981655,0.00757963689500791,0.0006177266296283461,0.01445398179427139,0.015687845364594482,0.004054236708867918,-0.010671498008535243,0.12362789559531041,0.006874609847412812,0.032896572638710514,0.008284663942603009,0.000352540018619333,0.0042304272337274716,0.009342336988074096,-0.2045658425692798
com_0.1184_0.3511_0.5305,0.009518527512937967,0.004555677592100743,-0.021556014337038798,0.0012338900651509555,0.111,-0.204565842567761,-0.21778656577109537,0.048596295045433585,0.007579636895007803,0.0006177266296427818,0.014453981794262383,0.015687845364593684,0.004054236708873732,-0.01067149800934071,0.12362789559554853,0.006874609847408782,0.03289657263888818,0.008284663942606824,0.00035254001861114554,0.004230427233733092,0.009342336988078608,
com_0.079_0.3996_0.5214,0.009518527512939797,0.004555677592105055,-0.22612185690478626,0.0012338900651513995,0.111,,-0.013220723203199114,0.04859629504517173,0.007579636895005444,0.0006177266296419229,0.014453981794257347,0.01568784536459435,0.004054236708873865,-0.010671498008978871,0.12362789559536597,0.00687460984741682,0.03289657263882349,0.008284663942601477,0.00035254001860278444,0.00423042723373502,0.009342336988078641,-0.20456584256823773
com_0.069_0.3973_0.5337,0.009518527512938888,0.004555677592105993,-0.2261218569048502,0.0012338900651442941,0.111,,-0.013220723203367202,0.04859629504531931,0.007579636895006761,0.0006177266296368079,0.014453981794271348,0.01568784536459119,0.00405423670887612,-0.0106714980093024,0.12362789559543372,0.006874609847417229,0.03289657263878755,0.008284663942603878,0.0003525400186160979,0.004230427233735343,0.009342336988079666,-0.2045658425676331
com_0.053_0.403_0.544,0.009518527512930216,0.004555677592104448,-0.021556014336216123,0.0012338900651558404,0.111,-0.20456584256874866,-0.21778656577144329,0.04859629504504962,0.00757963689499595,0.0006177266296490452,0.014453981794255995,0.01568784536458164,0.00405423670887195,-0.010671498008696725,0.123627895595287,0.006874609847410522,0.03289657263879519,0.008284663942596839,0.00035254001861317305,0.00423042723373262,0.009342336988069546,
com_0.1082_0.4051_0.4867,0.00951852751293567,0.004555677592106026,-0.22612185690513975,0.0012338900651460705,0.111,,-0.013220723202800766,0.04859629504505986,0.00757963689501599,0.0006177266296378831,0.014453981794268187,0.015687845364601452,0.004054236708875778,-0.010671498008912761,0.12362789559525716,0.006874609847417016,0.03289657263859664,0.008284663942608047,0.00035254001861678805,0.004230427233732269,0.009342336988079179,-0.2045658425683034
com_0.0579_0.4034_0.5387,0.009518527512928936,0.004555677592109469,-0.22612185690519038,0.0012338900651451823,0.111,,-0.013220723202675977,0.04859629504502688,0.007579636895007192,0.0006177266296371986,0.014453981794267453,0.0156878453645906,0.004054236708873526,-0.010671498009162825,0.12362789559508931,0.00687460984741625,0.032896572638274765,0.00828466394260579,0.0003525400186126011,0.004230427233732264,0.009342336988077854,-0.2045658425676553
com_0.1235_0.3773_0.4993,0.009518527512934681,0.004555677592102993,-0.22612185690506248,0.0012338900651469586,0.111,,-0.013220723202465923,0.04859629504497903,0.007579636895010217,0.0006177266296334991,0.014453981794265677,0.01568784536459676,0.004054236708871744,-0.010671498008620432,0.12362789559526408,0.006874609847411074,0.032896572638650284,0.008284663942602265,0.00035254001862307057,0.00423042723373052,0.009342336988075906,-0.20456584256916077
com_0.0799_0.3567_0.5634,0.009518527512928511,0.004555677592104542,-0.22612185690528097,0.001233890065148735,0.111,,-0.01322072320245904,0.04859629504505579,0.007579636895005696,0.0006177266296433104,0.014453981794264348,0.015687845364594444,0.004054236708871424,-0.0106714980086992,0.12362789559529738,0.006874609847412865,0.03289657263879583,0.008284663942606534,0.00035254001861022456,0.0042304272337351095,0.009342336988072832,-0.20456584256889232
com_0.0652_0.3865_0.5484,0.009518527512928136,0.004555677592098592,-0.22612185690522946,0.0012338900651496232,0.111,,-0.013220723202823859,0.048596295045155356,0.0075796368950063996,0.0006177266296402951,0.014453981794250404,0.015687845364578047,0.004054236708865301,-0.010671498009070149,0.12362789559543383,0.006874609847403737,0.03289657263886447,0.008284663942593477,0.00035254001861021345,0.004230427233728177,0.00934233698806526,-0.20456584256841692
com_0.0522_0.4125_0.5354,0.009518527512938314,0.004555677592109109,-0.22612185690472408,0.0012338900651558404,0.111,,-0.013220723203309692,0.048596295045299887,0.007579636895003901,0.0006177266296393374,0.014453981794264522,0.015687845364590367,0.004054236708872002,-0.010671498009122735,0.12362789559543548,0.00687460984741055,0.03289657263877614,0.00828466394260486,0.00035254001861014677,0.004230427233732858,0.009342336988077458,-0.20456584256800614
com_0.1203_0.3573_0.5224,0.009518527512935148,0.004555677592101772,-0.226121856905249,0.0012338900651460705,0.111,,-0.013220723202955087,0.04859629504517714,0.00757963689501496,0.0006177266296409177,0.014453981794267762,0.015687845364599058,0.004054236708874973,-0.010671498009212046,0.12362789559528149,0.006874609847411224,0.032896572638646336,0.00828466394260385,0.0003525400186162258,0.0042304272337288775,0.00934233698807382,-0.20456584256794264
com_0.0743_0.4116_0.5141,0.009518527512937351,0.004555677592101953,-0.2261218569050243,0.0012338900651496232,0.111,,-0.013220723202785223,0.04859629504506282,0.007579636895008185,0.0006177266296405984,0.014453981794256499,0.015687845364582804,0.004054236708872982,-0.010671498008873785,0.12362789559528264,0.006874609847412491,0.0328965726386741,0.008284663942603878,0.000352540018617173,0.004230427233730895,0.009342336988072132,-0.2045658425685526
com_0.1146_0.3683_0.5171,0.009518527512938595,0.004555677592099905,-0.22612185690532893,0.0012338900651469586,0.111,,-0.013220723202468143,0.04859629504520664,0.007579636895008822,0.0006177266296364796,0.014453981794262015,0.01568784536459838,0.004054236708872216,-0.010671498008715648,0.12362789559543931,0.006874609847415415,0.032896572638824007,0.008284663942602228,0.0003525400186158651,0.004230427233730013,0.009342336988073451,-0.20456584256933777
com_0.1066_0.3876_0.5057,0.009518527512901326,0.004555677592082096,-0.021556014335351925,0.0012338900651522877,0.111,-0.20456584256938315,-0.21778656577193556,0.048596295044969415,0.007579636894971422,0.0006177266296355381,0.014453981794271724,0.015687845364535234,0.00405423670885904,-0.010671498008369678,0.12362789559530991,0.006874609847386986,0.032896572638622154,0.008284663942570233,0.0003525400186126756,0.004230427233718379,0.009342336988041988,
com_0.113_0.4163_0.4708,0.009518527512938323,0.004555677592103188,-0.22612185690487507,0.0012338900651407414,0.111,,-0.013220723202532092,0.048596295044898444,0.007579636895001832,0.0006177266296404841,0.01445398179426522,0.015687845364596945,0.004054236708871085,-0.010671498008424115,0.12362789559518003,0.006874609847410446,0.032896572638573,0.008284663942606598,0.00035254001861173665,0.004230427233728822,0.009342336988073895,-0.20456584256901422
com_0.1104_0.4095_0.4801,0.009518527512937698,0.004555677592108046,-0.02155601433694443,0.0012338900651460705,0.111,-0.20456584256811716,-0.217786565771112,0.04859629504525569,0.007579636895010935,0.0006177266296390406,0.014453981794269249,0.01568784536459946,0.004054236708875803,-0.01067149800909203,0.12362789559544664,0.006874609847411066,0.03289657263886979,0.00828466394260398,0.00035254001861078434,0.004230427233735,0.0093423369880785,
com_0.1197_0.3492_0.531,0.00951852751293656,0.004555677592106609,-0.22612185690506514,0.0012338900651442941,0.111,,-0.013220723202681528,0.048596295045121064,0.007579636895008465,0.0006177266296399117,0.014453981794264829,0.015687845364600668,0.004054236708872252,-0.010671498008676998,0.1236278955954112,0.0068746098474162095,0.032896572638834415,0.008284663942608265,0.0003525400186083386,0.004230427233736014,0.009342336988080345,-0.2045658425688066
com_0.1224_0.4243_0.4533,0.009518527512934917,0.004555677592099764,-0.02155601433639731,0.0012338900651425178,0.111,-0.20456584256848576,-0.21778656577130473,0.04859629504511466,0.00757963689500459,0.0006177266296372616,0.014453981794249645,0.015687845364592792,0.004054236708870639,-0.010671498008908452,0.12362789559528725,0.006874609847410992,0.032896572638733454,0.008284663942598188,0.000352540018615972,0.004230427233727548,0.009342336988071565,
com_0.1294_0.3577_0.5129,0.009518527512934643,0.004555677592104343,-0.22612185690523567,0.0012338900651416296,0.111,,-0.013220723202447715,0.04859629504491176,0.007579636895007203,0.0006177266296285604,0.014453981794262657,0.015687845364600127,0.004054236708873707,-0.010671498008650339,0.12362789559521736,0.006874609847409944,0.03289657263849676,0.008284663942604463,0.0003525400186140785,0.0042304272337307545,0.009342336988077595,-0.20456584256904176
com_0.1085_0.4273_0.4642,0.00951852751293593,0.004555677592106032,-0.22612185690517617,0.0012338900651407414,0.111,,-0.013220723202807871,0.04859629504515282,0.007579636895011438,0.0006177266296350332,0.01445398179426595,0.015687845364595138,0.004054236708870696,-0.01067149800898521,0.12362789559534905,0.006874609847410869,0.032896572638732136,0.00828466394260541,0.0003525400186134145,0.004230427233734714,0.009342336988085106,-0.20456584256837207
com_0.0986_0.3896_0.5118,0.009518527512937346,0.004555677592100854,-0.2261218569049568,0.0012338900651593931,0.111,,-0.013220723202704843,0.04859629504498772,0.007579636895009494,0.0006177266296370951,0.014453981794267268,0.01568784536459398,0.004054236708872875,-0.010671498008832967,0.1236278955951377,0.006874609847410059,0.03289657263846732,0.008284663942601656,0.0003525400186187531,0.00423042723372878,0.009342336988081441,-0.20456584256820232
com_0.1059_0.3785_0.5155,0.009518527512935759,0.0045556775921044845,-0.22612185690463527,0.0012338900651496232,0.111,,-0.013220723203278606,0.04859629504519218,0.007579636895024012,0.0006177266296396847,0.014453981794267092,0.015687845364594433,0.004054236708876145,-0.010671498009246268,0.12362789559530513,0.0068746098474103,0.03289657263875729,0.00828466394260842,0.000352540018614054,0.004230427233732274,0.00934233698807963,-0.20456584256763333
com_0.0978_0.3768_0.5254,0.009518527512937474,0.004555677592104249,-0.021556014336907126,0.0012338900651478468,0.111,-0.20456584256809807,-0.21778656577141242,0.048596295045631246,0.007579636895015544,0.000617726629640764,0.014453981794267018,0.01568784536459573,0.004054236708873978,-0.01067149800927962,0.12362789559571416,0.006874609847413319,0.03289657263931942,0.008284663942602837,0.00035254001861042313,0.0042304272337288585,0.009342336988075127,
com_0.1256_0.3674_0.507,0.009518527512937316,0.004555677592103174,-0.22612185690509357,0.001233890065158505,0.111,,-0.013220723202970408,0.04859629504515096,0.007579636895011371,0.0006177266296385026,0.01445398179427088,0.015687845364606174,0.004054236708872162,-0.010671498008932571,0.123627895595426,0.006874609847414875,0.03289657263872953,0.008284663942607868,0.000352540018611039,0.004230427233735706,0.009342336988080976,-0.20456584256834742
com_0.0798_0.4178_0.5024,0.009518527512940205,0.004555677592108155,-0.021556014337615892,0.0012338900651460705,0.111,-0.20456584256752564,-0.21778656577048183,0.04859629504524985,0.007579636895011514,0.0006177266296438305,0.014453981794270768,0.01568784536459861,0.004054236708875949,-0.010671498009254257,0.12362789559534769,0.006874609847417362,0.032896572638733565,0.008284663942605667,0.00035254001861070074,0.004230427233729717,0.009342336988079297,
com_0.1213_0.3688_0.5099,0.009518527512937624,0.004555677592102676,-0.22612185690466013,0.0012338900651478468,0.111,,-0.013220723203462015,0.04859629504520173,0.007579636895020051,0.0006177266296297149,0.014453981794267629,0.01568784536460194,0.004054236708871058,-0.010671498009207251,0.12362789559530327,0.006874609847415051,0.03289657263876063,0.00828466394260331,0.00035254001861272517,0.0042304272337322524,0.00934233698807643,-0.20456584256739063
com_0.0994_0.4277_0.4729,0.009518527512939117,0.004555677592106742,-0.22612185690482,0.0012338900651469586,0.111,,-0.013220723202492568,0.04859629504493033,0.007579636895014418,0.000617726629641503,0.014453981794259543,0.015687845364597917,0.004054236708873259,-0.010671498008300553,0.12362789559532206,0.006874609847414758,0.03289657263855086,0.008284663942607358,0.0003525400186127719,0.004230427233734099,0.009342336988078279,-0.20456584256905241
com_0.1218_0.4267_0.4515,0.00951852751293634,0.004555677592102666,-0.2261218569043697,0.0012338900651442941,0.111,,-0.013220723203373197,0.04859629504509344,0.007579636895011261,0.0006177266296374915,0.014453981794261184,0.015687845364600536,0.004054236708873364,-0.01067149800862265,0.1236278955954547,0.006874609847410039,0.03289657263885803,0.008284663942606067,0.0003525400186131481,0.004230427233732703,0.009342336988077002,-0.2045658425688428
com_0.1292_0.424_0.4468,0.00951852751293877,0.004555677592102374,-0.22612185690516373,0.0012338900651513995,0.111,,-0.013220723203038354,0.04859629504526022,0.007579636895009468,0.0006177266296407225,0.014453981794258188,0.015687845364602524,0.004054236708875374,-0.010671498009304718,0.1236278955954133,0.0068746098474154575,0.032896572638958156,0.008284663942603479,0.0003525400186165839,0.004230427233734454,0.00934233698807969,-0.2045658425679362
com_0.0893_0.4163_0.4943,0.009518527512937712,0.0045556775921015424,-0.22612185690511222,0.0012338900651442941,0.111,,-0.013220723202676865,0.04859629504505951,0.0075796368950049086,0.0006177266296373963,0.014453981794258096,0.015687845364593143,0.004054236708868544,-0.01067149800854175,0.12362789559541787,0.006874609847411621,0.032896572639156324,0.00828466394260522,0.0003525400186101239,0.004230427233729652,0.009342336988076603,-0.20456584256930288
com_0.1132_0.4124_0.4744,0.009518527512941712,0.004555677592105706,-0.22612185690474718,0.0012338900651469586,0.111,,-0.013220723203178686,0.04859629504525295,0.0075796368950085975,0.0006177266296477211,0.014453981794269485,0.015687845364598055,0.0040542367088764256,-0.01067149800890967,0.12362789559546745,0.006874609847417538,0.03289657263900158,0.008284663942606399,0.0003525400186118688,0.004230427233729972,0.009342336988081424,-0.20456584256828103
com_0.1119_0.4015_0.4866,0.009518527512938326,0.0045556775921091475,-0.021556014337344998,0.0012338900651567286,0.111,-0.2045658425676784,-0.21778656577073807,0.048596295045243806,0.007579636895012363,0.0006177266296388836,0.014453981794274373,0.015687845364590815,0.004054236708875772,-0.01067149800908488,0.12362789559534576,0.006874609847415513,0.03289657263880793,0.008284663942602296,0.0003525400186136591,0.00423042723373344,0.009342336988080657,
com_0.0941_0.3962_0.5097,0.009518527512934907,0.004555677592106406,-0.22612185690504916,0.0012338900651513995,0.111,,-0.013220723203189344,0.04859629504504842,0.007579636895016722,0.0006177266296416364,0.014453981794265394,0.01568784536459912,0.004054236708876317,-0.010671498009015203,0.12362789559526938,0.006874609847411099,0.0328965726386518,0.00828466394260786,0.0003525400186125918,0.004230427233731542,0.009342336988079682,-0.20456584256781696
com_0.1166_0.3752_0.5082,0.009518527512955694,0.004555677592116765,-0.226121856904812,0.0012338900651469586,0.111,,-0.013220723202922002,0.04859629504513641,0.007579636895023318,0.0006177266296525202,0.014453981794251499,0.01568784536462743,0.004054236708879096,-0.010671498008687882,0.12362789559538724,0.006874609847428178,0.03289657263838474,0.00828466394262568,0.0003525400186158664,0.004230427233739361,0.00934233698809543,-0.20456584256884378
com_0.0622_0.3633_0.5745,0.009518527512929408,0.0045556775921003064,-0.22612185690487774,0.0012338900651451823,0.111,,-0.013220723203029472,0.04859629504518715,0.007579636895005525,0.0006177266296381629,0.014453981794267778,0.015687845364598083,0.004054236708868841,-0.010671498009057218,0.12362789559533915,0.0068746098474137445,0.03289657263881399,0.008284663942605469,0.00035254001860958635,0.004230427233728464,0.009342336988077949,-0.20456584256814359
com_0.0971_0.3993_0.5037,0.009518527512933733,0.004555677592104442,-0.22612185690508912,0.0012338900651407414,0.111,,-0.013220723202868712,0.04859629504519195,0.007579636895008404,0.0006177266296276635,0.014453981794260112,0.015687845364600866,0.0040542367088756805,-0.010671498009039888,0.12362789559539457,0.0068746098474136395,0.03289657263872973,0.00828466394260317,0.00035254001861470394,0.004230427233734646,0.009342336988074766,-0.20456584256822707
com_0.1015_0.4162_0.4823,0.00951852751293604,0.004555677592103471,-0.2261218569045358,0.0012338900651567286,0.111,,-0.013220723203126727,0.048596295045029075,0.007579636895009729,0.00061772662963333,0.0144539817942631,0.015687845364596577,0.004054236708875188,-0.010671498008839278,0.12362789559526122,0.006874609847416897,0.03289657263862892,0.008284663942602561,0.00035254001861619586,0.004230427233734227,0.009342336988077,-0.20456584256834243
com_0.1044_0.4019_0.4936,0.009518527512935124,0.004555677592105251,-0.22612185690510067,0.0012338900651460705,0.111,,-0.013220723202632456,0.04859629504503034,0.007579636895009145,0.000617726629637215,0.014453981794258018,0.015687845364597434,0.0040542367088719404,-0.010671498008837562,0.12362789559524262,0.006874609847417031,0.03289657263864032,0.008284663942608274,0.00035254001861231745,0.004230427233729317,0.009342336988077746,-0.20456584256842003
com_0.1019_0.4137_0.4844,0.009518527512927297,0.004555677592107054,-0.2261218569049337,0.001233890065143406,0.111,,-0.013220723203218654,0.04859629504527924,0.007579636895008565,0.0006177266296360125,0.014453981794262771,0.01568784536459553,0.00405423670887168,-0.010671498009258047,0.12362789559541827,0.006874609847416598,0.032896572638716697,0.008284663942607417,0.000352540018610935,0.004230427233728852,0.009342336988077009,-0.20456584256778232
com_0.0846_0.4125_0.5029,0.009518527512934416,0.004555677592104452,-0.22612185690519304,0.0012338900651505114,0.111,,-0.013220723202811424,0.048596295045143775,0.007579636895005275,0.0006177266296411614,0.01445398179426405,0.0156878453645965,0.004054236708873342,-0.010671498008982379,0.12362789559533523,0.0068746098474114095,0.03289657263869542,0.008284663942606286,0.00035254001861247857,0.004230427233732944,0.009342336988074814,-0.20456584256850907
com_0.0576_0.3659_0.5765,0.009518527512936635,0.004555677592100615,-0.22612185690584852,0.0012338900651469586,0.111,,-0.013220723202131968,0.04859629504494675,0.007579636895005753,0.0006177266296365303,0.014453981794262258,0.015687845364591613,0.004054236708874986,-0.010671498008883996,0.12362789559514183,0.006874609847412422,0.03289657263853948,0.008284663942599085,0.00035254001861635383,0.0042304272337322915,0.009342336988071137,-0.2045658425684913
com_0.0894_0.3928_0.5178,0.009518527512938527,0.004555677592101231,-0.2261218569050376,0.0012338900651496232,0.111,,-0.013220723202653328,0.048596295045025634,0.007579636895011599,0.0006177266296375765,0.014453981794266026,0.0156878453645979,0.0040542367088742095,-0.010671498008660307,0.12362789559537876,0.0068746098474091865,0.032896572638681836,0.008284663942606654,0.00035254001861079556,0.004230427233732443,0.009342336988072936,-0.20456584256914478
com_0.0521_0.3721_0.5758,0.009518527512939048,0.004555677592102822,-0.2261218569052641,0.0012338900651478468,0.111,,-0.013220723202680418,0.048596295045297534,0.007579636895015248,0.000617726629638742,0.014453981794263271,0.015687845364585368,0.004054236708870897,-0.01067149800902183,0.12362789559551347,0.00687460984741253,0.03289657263889655,0.0082846639426016,0.00035254001861443517,0.004230427233730703,0.009342336988079241,-0.20456584256879307
com_0.0661_0.4274_0.5065,0.00951852751293567,0.004555677592102959,-0.021556014336557183,0.0012338900651478468,0.111,-0.20456584256861865,-0.21778656577125832,0.04859629504514387,0.007579636895009599,0.0006177266296480536,0.014453981794263927,0.0156878453645928,0.0040542367088731894,-0.010671498008859933,0.12362789559536222,0.006874609847407755,0.03289657263878571,0.008284663942604246,0.0003525400186107618,0.004230427233731056,0.009342336988077805,
com_0.0929_0.3934_0.5137,0.009518527512931226,0.004555677592102947,-0.22612185690478892,0.0012338900651460705,0.111,,-0.013220723202710172,0.04859629504471078,0.007579636895000524,0.0006177266296383765,0.014453981794263443,0.015687845364581385,0.004054236708871514,-0.010671498008523041,0.12362789559493728,0.0068746098474100755,0.03289657263837196,0.008284663942598273,0.0003525400186121709,0.00423042723373406,0.00934233698807598,-0.20456584256842192
com_0.0922_0.3936_0.5142,0.009518527512945399,0.004555677592104484,-0.22612185690475162,0.0012338900651442941,0.111,,-0.01322072320374712,0.048596295045423774,0.007579636895011142,0.0006177266296397943,0.014453981794268073,0.015687845364610386,0.004054236708872902,-0.010671498009580511,0.12362789559556202,0.006874609847418652,0.0328965726389232,0.00828466394261094,0.0003525400186167469,0.004230427233730731,0.009342336988080263,-0.20456584256729293
com_0.5982_0.2657_0.1361,0.009518527512937532,0.004555677592105872,-0.2261218569049821,0.001233890065143739,0.111,,-0.013220723202886031,0.048596295045158326,0.007579636895009606,0.0006177266296398956,0.014453981794262716,0.015687845364598524,0.004054236708872652,-0.010671498008867887,0.12362789559537618,0.006874609847413492,0.03289657263871523,0.00828466394260572,0.00035254001861388884,0.004230427233733068,0.00934233698807905,-0.20456584256860744
com_0.5432_0.3125_0.1443,0.009518527512940076,0.00455567759210593,-0.02155601433695864,0.0012338900651480342,0.111,-0.2045658425675152,-0.21778656577136535,0.048596295045564154,0.007579636895013168,0.0006177266296395296,0.014453981794269287,0.015687845364602316,0.004054236708873937,-0.010671498009210642,0.12362789559574948,0.0068746098474170665,0.032896572638785065,0.008284663942607217,0.00035254001861474314,0.004230427233733281,0.009342336988080732,
com_0.5898_0.2342_0.176,0.009518527512935346,0.004555677592104913,-0.02155601433646326,0.001233890065151284,0.111,-0.2045658425680681,-0.21778656577149946,0.04859629504527884,0.007579636895007138,0.0006177266296407712,0.01445398179426055,0.015687845364594697,0.004054236708871835,-0.010671498009112414,0.12362789559548465,0.006874609847413801,0.03289657263875187,0.008284663942602976,0.00035254001861328017,0.004230427233731141,0.00934233698807854,
com_0.5544_0.2461_0.1994,0.009518527512937436,0.004555677592104661,-0.22612185690547792,0.001233890065123367,0.111,,-0.013220723202342022,0.04859629504510635,0.007579636895010194,0.0006177266296396139,0.01445398179426531,0.015687845364597677,0.004054236708872957,-0.010671498008882226,0.12362789559528817,0.006874609847414433,0.032896572638610976,0.008284663942605956,0.0003525400186134403,0.004230427233732998,0.00934233698808023,-0.20456584256889138
com_0.5442_0.2956_0.1602,0.009518527512939839,0.004555677592105282,-0.021556014337360763,0.0012338900651499562,0.111,-0.20456584256726984,-0.2177865657708411,0.048596295045302336,0.007579636895011385,0.0006177266296384053,0.014453981794271407,0.015687845364604297,0.004054236708875496,-0.010671498009347104,0.1236278955954198,0.006874609847415823,0.03289657263882113,0.008284663942609224,0.0003525400186126783,0.004230427233733729,0.009342336988081606,
com_0.5891_0.303_0.1079,0.009518527512930712,0.004555677592101224,-0.02155601433585247,0.0012338900651480689,0.111,-0.2045658425692456,-0.21778656577179012,0.04859629504501075,0.007579636895004995,0.0006177266296395463,0.014453981794255688,0.015687845364587314,0.004054236708869732,-0.01067149800852667,0.12362789559530718,0.006874609847409371,0.032896572638734314,0.008284663942599085,0.00035254001861137875,0.004230427233729352,0.009342336988071092,
com_0.5924_0.2647_0.1429,0.009518527512720988,0.004555677592000562,-0.021556014324740636,0.0012338900651145332,0.111,-0.20456584258236843,-0.21778656577777628,0.04859629504262268,0.007579636894836723,0.0006177266296233289,0.014453981794252158,0.015687845364241282,0.004054236708780085,-0.010671498002371063,0.12362789559471202,0.00687460984725733,0.03289657263801182,0.008284663942418148,0.0003525400186056638,0.004230427233636031,0.009342336987865041,
com_0.5971_0.291_0.1119,0.009518527512938645,0.0045556775921057795,-0.22612185690512643,0.0012338900651465367,0.111,,-0.013220723203385742,0.048596295045360276,0.007579636895011917,0.0006177266296399761,0.014453981794265491,0.01568784536460232,0.0040542367088737385,-0.010671498009140853,0.12362789559557567,0.006874609847416332,0.03289657263971182,0.008284663942607502,0.000352540018614295,0.004230427233733763,0.009342336988080211,-0.20456584256807583
com_0.5465_0.2845_0.169,0.009518527512935644,0.004555677592102707,-0.22612185690501696,0.0012338900651453915,0.111,,-0.013220723202761242,0.048596295045081256,0.007579636895009022,0.000617726629634308,0.014453981794261626,0.01568784536459252,0.004054236708872094,-0.01067149800890305,0.12362789559527504,0.0068746098474132935,0.03289657263866422,0.008284663942604749,0.0003525400186136927,0.004230427233732655,0.009342336988075083,-0.2045658425684529
com_0.5955_0.2621_0.1424,0.009518527512939641,0.004555677592105183,-0.021556014336681972,0.001233890065149179,0.111,-0.20456584256841848,-0.21778656577134203,0.048596295045175715,0.007579636895011069,0.000617726629637395,0.014453981794268758,0.015687845364601036,0.004054236708874539,-0.010671498008996978,0.12362789559539993,0.006874609847414775,0.03289657263875331,0.008284663942607361,0.0003525400186128434,0.004230427233732823,0.009342336988077309,
com_0.5599_0.235_0.2051,0.009518527512897192,0.004555677592086114,-0.02155601433520693,0.001233890065144072,0.111,-0.2045658425675736,-0.21778656577188293,0.048596295044860315,0.007579636894978428,0.0006177266296385715,0.014453981794214123,0.015687845364533885,0.004054236708856004,-0.010671498008118075,0.12362789559526237,0.006874609847385836,0.03289657264086578,0.008284663942571019,0.0003525400186125338,0.0042304272337150145,0.009342336988038182,
com_0.5736_0.2962_0.1302,0.009518527512965586,0.004555677592117851,-0.22612185690501874,0.0012338900651609058,0.111,,-0.013220723203995144,0.04859629504552629,0.007579636895032623,0.0006177266296406842,0.014453981794309559,0.01568784536464509,0.004054236708885361,-0.010671498009826608,0.12362789559567963,0.006874609847435193,0.03289657263879724,0.008284663942630053,0.00035254001861435597,0.004230427233744692,0.009342336988108105,-0.20456584256603239
com_0.5839_0.2371_0.179,0.009518527512938196,0.004555677592104166,-0.22612185690501807,0.0012338900651465076,0.111,,-0.013220723202862827,0.048596295045126726,0.007579636895008136,0.0006177266296374218,0.014453981794261668,0.015687845364594836,0.004054236708872147,-0.010671498008906002,0.12362789559535763,0.0068746098474124565,0.03289657263874412,0.008284663942603816,0.0003525400186146163,0.004230427233731669,0.009342336988073586,-0.20456584256844323
com_0.5436_0.2487_0.2078,0.009518527512931103,0.004555677592101915,-0.22612185690464592,0.001233890065159798,0.111,,-0.013220723203972273,0.04859629504519492,0.007579636895004352,0.000617726629638455,0.014453981794257118,0.015687845364587148,0.004054236708871781,-0.010671498007954411,0.12362789559548984,0.006874609847410581,0.03289657263875167,0.008284663942601075,0.00035254001861266657,0.004230427233729294,0.00934233698807359,-0.2045658425687089
com_0.595_0.2445_0.1605,0.00951852751293646,0.0045556775921037325,-0.02155601433672727,0.0012338900651546192,0.111,-0.2045658425681378,-0.21778656577124034,0.04859629504516561,0.007579636895006445,0.0006177266296369171,0.0144539817942686,0.015687845364598035,0.004054236708872127,-0.010671498009025365,0.1236278955953602,0.006874609847413763,0.03289657263878579,0.008284663942605968,0.00035254001861411593,0.004230427233731561,0.009342336988079306,
com_0.5575_0.3094_0.133,0.009518527512935929,0.004555677592102631,-0.02155601433642307,0.0012338900651371297,0.111,-0.20456584256868093,-0.2177865657714244,0.04859629504508328,0.00757963689500726,0.0006177266296372646,0.014453981794265127,0.015687845364591457,0.004054236708872292,-0.01067149800877556,0.12362789559532546,0.006874609847411588,0.032896572638746,0.008284663942602933,0.000352540018614064,0.00423042723373064,0.009342336988075689,
com_0.558_0.2528_0.1892,0.00951852751293585,0.004555677592104557,-0.2261218569051155,0.0012338900651455154,0.111,,-0.013220723202728157,0.04859629504513548,0.007579636895009972,0.0006177266296354202,0.014453981794267727,0.01568784536459776,0.004054236708872278,-0.010671498008892812,0.1236278955953764,0.006874609847414325,0.03289657263874279,0.00828466394260562,0.00035254001861242533,0.004230427233733342,0.009342336988077475,-0.20456584256861493
com_0.5422_0.2448_0.213,0.009518527512934777,0.004555677592103784,-0.02155601433623522,0.0012338900651523987,0.111,-0.20456584256887878,-0.21778656577158806,0.04859629504509043,0.0075796368950070536,0.0006177266296355267,0.014453981794263457,0.01568784536459265,0.004054236708870634,-0.010671498008814938,0.12362789559534587,0.0068746098474102985,0.03289657263872471,0.008284663942603809,0.00035254001861364197,0.004230427233730148,0.009342336988075264,
com_0.6081_0.2704_0.1216,0.009518527512936976,0.00455567759210481,-0.22612185690541764,0.001233890065144766,0.111,,-0.013220723202356233,0.048596295044881874,0.007579636895008657,0.000617726629640653,0.014453981794272453,0.015687845364597164,0.004054236708873071,-0.010671498008156075,0.12362789559538094,0.006874609847412377,0.03289657263876336,0.00828466394260494,0.0003525400186128678,0.004230427233731868,0.009342336988076452,-0.20456584256994076
com_0.5544_0.2559_0.1897,0.009518527512937712,0.004555677592104277,-0.22612185690488307,0.0012338900651522877,0.111,,-0.013220723203107632,0.048596295045168665,0.0075796368950118344,0.0006177266296397259,0.014453981794268156,0.01568784536459972,0.004054236708872954,-0.01067149800900656,0.1236278955953577,0.006874609847414585,0.03289657263872932,0.00828466394260639,0.0003525400186146966,0.004230427233733435,0.009342336988079927,-0.2045658425680383
com_0.5893_0.3071_0.1036,0.009518527512935209,0.004555677592104588,-0.2261218569044665,0.0012338900651460585,0.111,,-0.013220723203507312,0.048596295045088785,0.007579636895008512,0.0006177266296392657,0.014453981794261633,0.015687845364593802,0.004054236708872478,-0.010671498008855165,0.1236278955954035,0.006874609847412649,0.03289657263871,0.008284663942602901,0.00035254001861375055,0.004230427233731895,0.009342336988075791,-0.20456584256816435
com_0.55_0.2677_0.1822,0.009518527512932928,0.004555677592103341,-0.021556014335975746,0.0012338900651431839,0.111,-0.20456584256907417,-0.21778656577209454,0.0485962950453201,0.007579636895009002,0.0006177266296389025,0.014453981794263384,0.015687845364597663,0.004054236708873155,-0.01067149800890057,0.12362789559559088,0.006874609847414398,0.03289657263871564,0.008284663942603606,0.00035254001861332576,0.004230427233733041,0.00934233698807822,
com_0.5545_0.2867_0.1588,0.009518527512977045,0.004555677592122676,-0.2261218569044836,0.0012338900651632304,0.111,,-0.013220723204175888,0.04859629504541916,0.007579636895039453,0.0006177266296409749,0.01445398179432072,0.015687845364658313,0.004054236708887635,-0.010671498009287963,0.12362789559538283,0.0068746098474408235,0.032896572636360574,0.008284663942638083,0.00035254001861585884,0.00423042723374819,0.009342336988114232,-0.20456584256449317
com_0.5499_0.2907_0.1594,0.009518527512933661,0.004555677592103283,-0.021556014335786022,0.0012338900651460358,0.111,-0.20456584256882948,-0.2177865657716891,0.04859629504494797,0.007579636895007863,0.0006177266296397341,0.014453981794260945,0.015687845364592754,0.004054236708871266,-0.010671498008697553,0.12362789559523152,0.006874609847411165,0.03289657263860379,0.008284663942602296,0.0003525400186159249,0.0042304272337310295,0.009342336988073897,
com_0.5984_0.28_0.1216,0.009518527512945216,0.004555677592107969,-0.22612185690505848,0.0012338900651402973,0.111,,-0.013220723203266616,0.04859629504533084,0.007579636895016789,0.0006177266296379006,0.014453981794279692,0.015687845364608995,0.0040542367088757265,-0.01067149800934126,0.12362789559548616,0.006874609847419043,0.032896572638785634,0.008284663942611077,0.00035254001861445187,0.004230427233737079,0.009342336988085592,-0.20456584256758348
com_0.5541_0.2415_0.2043,0.00951852751293638,0.004555677592102979,-0.22612185690487996,0.001233890065143628,0.111,,-0.013220723202910345,0.048596295045131056,0.007579636895007268,0.0006177266296397216,0.014453981794266737,0.015687845364595825,0.004054236708871837,-0.01067149800885199,0.12362789559536859,0.006874609847412367,0.03289657263875858,0.008284663942605073,0.00035254001861702755,0.004230427233733235,0.009342336988077887,-0.20456584256857624
com_0.5485_0.3009_0.1506,0.009518527512934236,0.004555677592103361,-0.021556014336551556,0.0012338900651471807,0.111,-0.2045658425685264,-0.21778656577134464,0.04859629504519848,0.0075796368950076486,0.0006177266296369853,0.014453981794260422,0.015687845364593573,0.004054236708872613,-0.010671498008894895,0.12362789559541419,0.006874609847412074,0.03289657263880996,0.008284663942603224,0.00035254001861371765,0.004230427233730611,0.009342336988076237,
com_0.5484_0.2718_0.1798,0.009518527512937964,0.0045556775921052365,-0.021556014336890916,0.001233890065138521,0.111,-0.20456584256807542,-0.21778656577112798,0.04859629504522799,0.007579636895007855,0.0006177266296375137,0.014453981794264917,0.015687845364598572,0.004054236708873806,-0.010671498009093509,0.12362789559535967,0.006874609847413958,0.032896572638790665,0.008284663942604308,0.00035254001861417144,0.0042304272337330565,0.009342336988076157,
com_0.557_0.2731_0.1699,0.009518527512937252,0.004555677592104029,-0.22612185690455355,0.0012338900651476248,0.111,,-0.013220723203559492,0.04859629504538825,0.007579636895007902,0.0006177266296403679,0.014453981794261717,0.015687845364596522,0.004054236708872096,-0.010671498009238674,0.1236278955955478,0.006874609847413786,0.03289657263876659,0.008284663942604431,0.0003525400186128561,0.004230427233732336,0.009342336988077012,-0.20456584256784105
com_0.596_0.3096_0.0944,0.009518527512937663,0.004555677592104941,-0.22612185690497233,0.0012338900651474027,0.111,,-0.013220723202993057,0.04859629504516593,0.007579636895008203,0.0006177266296368153,0.014453981794267082,0.015687845364596893,0.004054236708872291,-0.01067149800897313,0.12362789559536652,0.006874609847413004,0.032896572638745604,0.008284663942604744,0.0003525400186130545,0.004230427233732453,0.0093423369880775,-0.20456584256821797
com_0.5632_0.3067_0.1301,0.009518527512935271,0.004555677592104037,-0.22612185690506248,0.001233890065146237,0.111,,-0.013220723202868712,0.04859629504500962,0.007579636895008449,0.0006177266296381885,0.01445398179426519,0.015687845364596234,0.004054236708871896,-0.010671498008685212,0.12362789559530694,0.00687460984741271,0.03289657263864308,0.008284663942604189,0.000352540018614395,0.0042304272337322915,0.009342336988076726,-0.20456584256858346
com_0.5541_0.2465_0.1993,0.009518527512940612,0.004555677592107046,-0.22612185690529785,0.001233890065153842,0.111,,-0.013220723202889972,0.048596295045242335,0.007579636895012543,0.0006177266296406085,0.014453981794272831,0.015687845364603166,0.004054236708874182,-0.01067149800928001,0.12362789559536719,0.0068746098474164186,0.03289657263869004,0.008284663942605835,0.0003525400186141194,0.004230427233737318,0.009342336988080308,-0.20456584256769442
com_0.5487_0.2559_0.1955,0.009518527512938687,0.004555677592103795,-0.22612185690499298,0.001233890065147634,0.111,,-0.013220723202963303,0.04859629504517988,0.007579636895009776,0.0006177266296359759,0.014453981794263732,0.015687845364592216,0.004054236708871694,-0.010671498008922187,0.12362789559543853,0.006874609847412127,0.03289657263882196,0.008284663942604647,0.00035254001861241926,0.004230427233732952,0.009342336988077429,-0.20456584256859847
com_0.5572_0.3037_0.1391,0.009518527512938116,0.004555677592104881,-0.021556014336802515,0.0012338900651434614,0.111,-0.20456584256829358,-0.21778656577114752,0.048596295045171475,0.007579636895007981,0.0006177266296373172,0.014453981794265611,0.015687845364599523,0.004054236708873378,-0.010671498009017323,0.12362789559537364,0.006874609847415265,0.03289657263873674,0.008284663942606626,0.0003525400186156345,0.004230427233733247,0.009342336988078247,
com_0.5854_0.2796_0.135,0.009518527512937395,0.004555677592106467,-0.22612185690502637,0.0012338900651466906,0.111,,-0.01322072320295753,0.04859629504518807,0.007579636895009364,0.0006177266296389771,0.014453981794267812,0.015687845364598347,0.00405423670887305,-0.01067149800911299,0.1236278955953459,0.006874609847414676,0.03289657263878191,0.008284663942605972,0.00035254001861401526,0.004230427233732922,0.009342336988077522,-0.20456584256805338
com_0.5925_0.2507_0.1568,0.009518527512937096,0.004555677592104952,-0.22612185690440234,0.0012338900651558211,0.111,,-0.01322072320355061,0.048596295045173994,0.007579636895008651,0.0006177266296395064,0.014453981794266234,0.015687845364596848,0.004054236708872946,-0.010671498009063748,0.12362789559539511,0.006874609847413049,0.03289657263866765,0.008284663942604253,0.00035254001861401634,0.004230427233731308,0.009342336988076504,-0.2045658425680538
com_0.5818_0.2927_0.1255,0.009518527512935929,0.004555677592104129,-0.021556014339169094,0.00123389006514385,0.111,-0.2045658425664958,-0.21778656576875832,0.048596295045179226,0.007579636895008464,0.0006177266296370805,0.01445398179426646,0.015687845364595776,0.004054236708873361,-0.010671498009573144,0.12362789559504715,0.006874609847412969,0.032896572638775635,0.00828466394260396,0.00035254001861440205,0.0042304272337323826,0.009342336988076908,
com_0.5908_0.284_0.1253,0.009518527512936477,0.004555677592104945,-0.22612185690493392,0.0012338900651426565,0.111,,-0.01322072320300638,0.04859629504512231,0.0075796368950101925,0.000617726629639164,0.014453981794269767,0.01568784536459687,0.004054236708873497,-0.010671498008960563,0.12362789559533202,0.0068746098474145615,0.032896572638559135,0.008284663942605823,0.0003525400186131355,0.004230427233732325,0.009342336988075869,-0.20456584256844457
com_0.598_0.3042_0.0979,0.00951852751293591,0.004555677592102869,-0.02155601433506965,0.0012338900651625191,0.111,-0.20456584256919141,-0.21778656577337607,0.048596295045813975,0.007579636895009724,0.0006177266296383816,0.014453981794264159,0.01568784536459378,0.004054236708872648,-0.010671498009127325,0.12362789559613283,0.0068746098474123316,0.03289657264067639,0.008284663942602945,0.0003525400186131512,0.004230427233731686,0.00934233698807548,
com_0.5988_0.296_0.1051,0.009518527512936182,0.004555677592103365,-0.22612185690506986,0.001233890065134302,0.111,,-0.013220723202792328,0.04859629504508879,0.007579636895007362,0.000617726629639159,0.014453981794259465,0.015687845364595283,0.004054236708872586,-0.01067149800880704,0.12362789559534465,0.006874609847411857,0.032896572638744,0.008284663942604362,0.00035254001861332825,0.004230427233731775,0.009342336988075498,-0.20456584256864932
com_0.5867_0.2468_0.1665,0.00951852751293403,0.0045556775917742695,-0.021556014336672882,0.0012338900651439272,0.111,-0.20456584256603616,-0.21778656577094413,0.04859629504459282,0.0075796368950194265,0.0006177266295962213,0.014453981794262343,0.015687845364596505,0.0040542367085804705,-0.010671498008831111,0.12362789559464324,0.006874609847416344,0.03289657264170108,0.0082846639425975,0.0003525400185870909,0.004230427233977709,0.009342336988076332,
com_0.6074_0.2509_0.1417,0.009518527512937162,0.00455567759210523,-0.021556014333980134,0.001233890065144615,0.111,-0.20456584257154142,-0.21778656577389466,0.0485962950441261,0.007579636895009275,0.0006177266296387934,0.014453981794261236,0.01568784536459569,0.0040542367088736075,-0.010671498006756921,0.12362789559529525,0.006874609847412287,0.03289657263873397,0.008284663942604248,0.0003525400186149766,0.004230427233732654,0.009342336988078116,
com_0.5844_0.2617_0.1539,0.009518527512939953,0.004555677592106799,-0.22612185690446585,0.0012338900651465146,0.111,,-0.013220723203663631,0.0485962950452339,0.007579636895011437,0.0006177266296402192,0.01445398179427375,0.01568784536460054,0.004054236708873578,-0.010671498009209811,0.12362789559539385,0.006874609847415039,0.03289657263875722,0.008284663942607835,0.0003525400186126926,0.004230427233734258,0.009342336988079273,-0.20456584256740895
com_0.5536_0.3035_0.1429,0.00951852751293578,0.004555677592103393,-0.021556014336481688,0.0012338900651489293,0.111,-0.20456584256848886,-0.21778656577131272,0.048596295045125255,0.007579636895007837,0.000617726629637895,0.014453981794264603,0.015687845364593882,0.004054236708870755,-0.010671498008899064,0.12362789559533113,0.006874609847410702,0.032896572638730255,0.008284663942602941,0.00035254001861370827,0.004230427233730157,0.009342336988074348,
com_0.5757_0.2741_0.1502,0.009518527512935011,0.004555677592103476,-0.22612185690333908,0.001233890065153287,0.111,,-0.013220723205087381,0.04859629504535346,0.007579636895008991,0.0006177266296413871,0.014453981794261736,0.015687845364595637,0.004054236708872544,-0.010671498008726956,0.12362789559588494,0.006874609847412963,0.03289657263871624,0.00828466394260502,0.0003525400186136447,0.0042304272337324745,0.009342336988077213,-0.20456584256740906
com_0.5913_0.2523_0.1564,0.009518527512939136,0.004555677592105334,-0.22612185690511466,0.0012338900651481825,0.111,,-0.013220723202709062,0.04859629504517183,0.007579636895012251,0.000617726629639565,0.01445398179426817,0.015687845364599457,0.004054236708873636,-0.010671498008824913,0.12362789559537654,0.006874609847415209,0.0328965726387915,0.008284663942607072,0.00035254001861430593,0.0042304272337334355,0.009342336988079337,-0.20456584256866328
com_0.6079_0.301_0.0911,0.009518527512766186,0.004555677592022533,-0.021556014334082163,0.0012338900651229778,0.111,-0.20456584257054966,-0.21778656577145128,0.048596295044943026,0.00757963689487321,0.0006177266296263699,0.014453981794005083,0.01568784536431384,0.004054236708800166,-0.010671498008766891,0.12362789559515254,0.006874609847288989,0.03289657264125855,0.008284663942456137,0.00035254001860769284,0.0042304272336559715,0.009342336987909086,
com_0.607_0.3127_0.0802,0.009518527512935426,0.004555677592103786,-0.22612185690503495,0.0012338900651447382,0.111,,-0.013220723202802986,0.048596295045191605,0.007579636895007828,0.0006177266296393737,0.01445398179425653,0.015687845364593916,0.00405423670887147,-0.01067149800903557,0.12362789559532951,0.006874609847412155,0.032896572638768495,0.0082846639426035,0.00035254001861317983,0.00423042723373089,0.009342336988076006,-0.20456584256829496
com_0.5892_0.2625_0.1483,0.009518527512938349,0.004555677592105961,-0.22612185690509723,0.0012338900651556184,0.111,,-0.013220723202856555,0.04859629504518416,0.007579636895011574,0.0006177266296400854,0.014453981794267582,0.015687845364600446,0.004054236708872712,-0.010671498008975707,0.12362789559540953,0.006874609847415113,0.032896572638783234,0.008284663942605928,0.00035254001861367547,0.004230427233733216,0.009342336988079953,-0.2045658425684329
com_0.568_0.2673_0.1647,0.009518527512942868,0.004555677592108459,-0.22612185690495235,0.0012338900651502963,0.111,,-0.013220723203089868,0.04859629504526543,0.007579636895013795,0.0006177266296415142,0.014453981794273721,0.01568784536460819,0.00405423670887449,-0.01067149800911949,0.12362789559544976,0.00687460984741685,0.032896572638771625,0.008284663942610739,0.00035254001861486663,0.004230427233733909,0.009342336988083446,-0.2045658425678869
com_0.5871_0.2491_0.1638,0.009518527512936461,0.004555677592105179,-0.021556014336499674,0.0012338900651487753,0.111,-0.20456584256834098,-0.217786565771344,0.04859629504512049,0.007579636895007881,0.0006177266296382889,0.014453981794268144,0.01568784536459579,0.004054236708871516,-0.010671498008860837,0.12362789559535645,0.0068746098474134956,0.03289657263873914,0.008284663942604594,0.00035254001861293794,0.00423042723373075,0.009342336988077227,
com_0.5857_0.2761_0.1382,0.00951852751293509,0.004555677592104897,-0.22612185690504583,0.001233890065149859,0.111,,-0.013220723202747475,0.048596295045128204,0.00757963689500841,0.0006177266296390502,0.01445398179426525,0.01568784536459681,0.004054236708872423,-0.01067149800884741,0.12362789559536161,0.006874609847413288,0.03289657263872401,0.008284663942605497,0.0003525400186135987,0.004230427233733074,0.009342336988076403,-0.20456584256850174
com_0.5453_0.2531_0.2016,0.009518527512940845,0.004555677592108113,-0.021556014337503537,0.0012338900651494668,0.111,-0.2045658425674146,-0.21778656577070077,0.048596295045386824,0.007579636895009814,0.0006177266296398072,0.014453981794274345,0.015687845364602403,0.004054236708873422,-0.010671498009516403,0.12362789559546453,0.006874609847415679,0.032896572638820544,0.008284663942609679,0.0003525400186124932,0.004230427233733392,0.009342336988080875,
com_0.5859_0.271_0.1431,0.009518527512936878,0.004555677592104809,-0.22612185690504547,0.0012338900651482274,0.111,,-0.013220723202906681,0.04859629504522228,0.007579636895009952,0.0006177266296392225,0.014453981794265935,0.01568784536459769,0.004054236708873269,-0.0106714980090587,0.12362789559539,0.006874609847414782,0.03289657263879254,0.008284663942605122,0.00035254001861326147,0.0042304272337318535,0.009342336988078294,-0.2045658425682092
com_0.5427_0.2422_0.215,0.009518527512935818,0.004555677592103731,-0.0215560143373299,0.0012338900651489638,0.111,-0.20456584257017552,-0.21778656577043276,0.04859629504460506,0.007579636895011034,0.0006177266296403042,0.01445398179426271,0.015687845364594433,0.0040542367088733195,-0.010671498007932056,0.1236278955949296,0.006874609847411861,0.03289657263867469,0.008284663942604095,0.0003525400186122435,0.004230427233730775,0.009342336988075307,
com_0.5494_0.2999_0.1506,0.00951852751293777,0.0045556775921055176,-0.02155601433702281,0.001233890065152246,0.111,-0.20456584256826105,-0.21778656577089536,0.04859629504519286,0.007579636895010554,0.0006177266296404664,0.014453981794276758,0.015687845364595446,0.004054236708872348,-0.010671498009067148,0.12362789559533849,0.006874609847414017,0.03289657263862441,0.00828466394260495,0.0003525400186142487,0.004230427233732602,0.009342336988077515,
com_0.5505_0.2503_0.1992,0.00951852751293957,0.004555677592105468,-0.22612185690509623,0.0012338900651354123,0.111,,-0.013220723202758577,0.04859629504503686,0.0075796368950089964,0.0006177266296416477,0.014453981794263441,0.01568784536459441,0.004054236708873011,-0.010671498008822361,0.12362789559526885,0.006874609847412222,0.032896572638655266,0.00828466394260294,0.00035254001861246604,0.00423042723373276,0.00934233698807699,-0.2045658425685483
com_0.5695_0.2354_0.1951,0.009518527512937015,0.004555677592102956,-0.2261218569051291,0.001233890065149179,0.111,,-0.013220723202578277,0.04859629504509749,0.007579636895009515,0.0006177266296377947,0.014453981794267046,0.01568784536459547,0.004054236708872145,-0.010671498008691084,0.1236278955953577,0.006874609847413153,0.03289657263858374,0.008284663942603104,0.00035254001861373694,0.004230427233730959,0.009342336988075427,-0.20456584256886168
com_0.5959_0.2532_0.1509,0.00951852751293754,0.004555677592104523,-0.2261218569051695,0.0012338900651409634,0.111,,-0.01322072320276807,0.04859629504525723,0.007579636895009618,0.0006177266296382728,0.01445398179427072,0.015687845364598284,0.004054236708873855,-0.010671498009003823,0.12362789559540702,0.006874609847414704,0.03289657263883951,0.008284663942604534,0.0003525400186137908,0.004230427233730679,0.009342336988078574,-0.20456584256825883
com_0.5448_0.2723_0.1829,0.009518527512758264,0.004555677592020083,-0.22612185690516362,0.001233890065147704,0.111,,-0.013220723200124462,0.048596295044586825,0.007579636894866982,0.0006177266296277712,0.01445398179426863,0.015687845364598323,0.004054236708797034,-0.010671498007854658,0.12362789559516463,0.006874609847284884,0.0328965726411246,0.008284663942449078,0.00035254001860777427,0.004230427233652045,0.009342336987900655,-0.2045658425727903
com_0.5598_0.283_0.1572,0.009518527512937046,0.004555677592104031,-0.22612185690478004,0.0012338900651486782,0.111,,-0.013220723203242885,0.048596295045118615,0.0075796368950104605,0.0006177266296379944,0.014453981794243731,0.015687845364592206,0.00405423670887297,-0.010671498008938157,0.12362789559535733,0.006874609847412674,0.0328965726386885,0.00828466394260378,0.0003525400186128554,0.004230427233730809,0.009342336988076972,-0.20456584256819066
com_0.5989_0.2395_0.1616,0.009518527512943473,0.004555677592105281,-0.021556014337324125,0.001233890065138299,0.111,-0.2045658425673893,-0.2177865657707887,0.048596295045234474,0.007579636895012741,0.0006177266296395328,0.014453981794278814,0.015687845364603808,0.004054236708873991,-0.010671498009331072,0.1236278955953386,0.006874609847417293,0.032896572638786724,0.008284663942608189,0.00035254001861364533,0.004230427233734199,0.009342336988080967,
com_0.6057_0.2452_0.1492,0.009518527512936952,0.004555677592105174,-0.22612185690526643,0.0012338900651515106,0.111,,-0.013220723202704399,0.048596295045131147,0.007579636895009232,0.0006177266296379752,0.014453981794260553,0.015687845364596283,0.004054236708873047,-0.010671498008897023,0.12362789559532296,0.006874609847413804,0.032896572638740115,0.00828466394260466,0.00035254001861298256,0.004230427233731614,0.009342336988076265,-0.20456584256857868
com_0.0902_0.391_0.5188,0.009518527512932634,0.004555677592106104,-0.2261218569050224,0.0012338900651442941,0.111,,-0.01322072320313783,0.04859629504531228,0.007579636895012885,0.0006177266296481001,0.014453981794260273,0.01568784536458912,0.004054236708874917,-0.010671498009387395,0.12362789559539077,0.006874609847414113,0.03289657263888109,0.008284663942604286,0.00035254001861305954,0.004230427233729368,0.009342336988078183,-0.20456584256758314
com_0.5739_0.2739_0.1522,0.009518527512938078,0.0045556775921039095,-0.02155601433781984,0.0012338900651529539,0.111,-0.20456584256581456,-0.21778656577019007,0.04859629504582725,0.007579636895008477,0.000617726629639134,0.014453981794263413,0.015687845364597247,0.0040542367088723524,-0.01067149801053513,0.12362789559539276,0.006874609847412872,0.032896572638752,0.008284663942606244,0.00035254001861317994,0.004230427233731729,0.009342336988078702,
