compartments,abundance,growth_rate,reactions,metabolites,sample
A,0.5926483899030844,0.017779257255491253,1431,1166,com_0.5926_0.1428_0.2645
B,0.14283791887602848,0.004283919652037356,872,713,com_0.5926_0.1428_0.2645
C,0.26451369122088714,0.007934007198735816,1462,1193,com_0.5926_0.1428_0.2645
medium,,,124,124,com_0.5926_0.1428_0.2645
A,0.4204042330734736,0.013705974083362814,1431,1166,com_0.4204_0.1143_0.4653
B,0.11429402936803415,0.003725473653653815,872,713,com_0.4204_0.1143_0.4653
C,0.4653017375584922,0.015172002157957231,1462,1193,com_0.4204_0.1143_0.4653
medium,,,124,124,com_0.4204_0.1143_0.4653
A,0.2301337219329131,0.006925433496935421,1431,1166,com_0.2301_0.1709_0.5989
B,0.17092340763060757,0.005010480590481766,872,713,com_0.2301_0.1709_0.5989
C,0.5989428704364793,0.018027134497107217,1462,1193,com_0.2301_0.1709_0.5989
medium,,,124,124,com_0.2301_0.1709_0.5989
A,0.38463523958874285,0.027638064036222786,1431,1166,com_0.3846_0.4621_0.1533
B,0.46208554557935394,0.0020101970458590674,872,713,com_0.3846_0.4621_0.1533
C,0.15327921483190315,0.011012266112176606,1462,1193,com_0.3846_0.4621_0.1533
medium,,,124,124,com_0.3846_0.4621_0.1533
A,0.6890620058338605,0.01687462831545192,1431,1166,com_0.6891_0.0611_0.2498
B,0.06109149938288587,0.0014950447603634795,872,713,com_0.6891_0.0611_0.2498
C,0.24984649478325377,0.0061173886987588135,1462,1193,com_0.6891_0.0611_0.2498
medium,,,124,124,com_0.6891_0.0611_0.2498
A,0.3257302077083225,0.007852384794981642,1431,1166,com_0.3257_0.0085_0.6658
B,0.00847524934399994,0.00020333902892257644,872,713,com_0.3257_0.0085_0.6658
C,0.6657945429476776,0.016052888564338494,1462,1193,com_0.3257_0.0085_0.6658
medium,,,124,124,com_0.3257_0.0085_0.6658
A,0.6648913649750161,0.017231836580079492,1431,1166,com_0.6649_0.0871_0.248
B,0.087125563832954,0.002256944545833262,872,713,com_0.6649_0.0871_0.248
C,0.24798307119202992,0.006425724811225622,1462,1193,com_0.6649_0.0871_0.248
medium,,,124,124,com_0.6649_0.0871_0.248
A,0.13158720954356173,0.01074368556059738,1431,1166,com_0.1316_0.503_0.3654
B,0.5029837796247941,0.0018470229028208726,872,713,com_0.1316_0.503_0.3654
C,0.3654290108316441,0.029840689701957756,1462,1193,com_0.1316_0.503_0.3654
medium,,,124,124,com_0.1316_0.503_0.3654
A,0.3852018573286265,0.018130699391184887,1431,1166,com_0.3852_0.2782_0.3366
B,0.27818447170350097,0.0033403580257688062,872,713,com_0.3852_0.2782_0.3366
C,0.33661367096787254,0.015846632301032948,1462,1193,com_0.3852_0.2782_0.3366
medium,,,124,124,com_0.3852_0.2782_0.3366
A,0.2242151931315829,0.005911624721776032,1431,1166,com_0.2242_0.113_0.6628
B,0.11296815783543564,0.0029780056306547174,872,713,com_0.2242_0.113_0.6628
C,0.6628166490329815,0.017479210898639564,1462,1193,com_0.2242_0.113_0.6628
medium,,,124,124,com_0.2242_0.113_0.6628
A,0.4273120985880013,0.026750156062495502,1431,1166,com_0.4273_0.4536_0.1191
B,0.45356860181574804,0.002047400091032489,872,713,com_0.4273_0.4536_0.1191
C,0.11911929959625066,0.00745560262629523,1462,1193,com_0.4273_0.4536_0.1191
medium,,,124,124,com_0.4273_0.4536_0.1191
A,0.01551870532202337,0.0002861760868312334,1431,1166,com_0.0155_0.1524_0.8321
B,0.15236326524426888,0.002818506226351789,872,713,com_0.0155_0.1524_0.8321
C,0.8321180294337077,0.015398692897605438,1462,1193,com_0.0155_0.1524_0.8321
medium,,,124,124,com_0.0155_0.1524_0.8321
A,0.5851845920755111,0.019131150728972725,1431,1166,com_0.5852_0.4119_0.0029
B,0.41189821877573907,0.0020500481386472856,872,713,com_0.5852_0.4119_0.0029
C,0.002917189148749938,0.0005158625642767763,1462,1193,com_0.5852_0.4119_0.0029
medium,,,124,124,com_0.5852_0.4119_0.0029
A,0.10617086037261281,0.0063640003123911675,1431,1166,com_0.1062_0.4532_0.4407
B,0.4531517256362248,0.0020500287779542025,872,713,com_0.1062_0.4532_0.4407
C,0.4406774139911624,0.026420147817030646,1462,1193,com_0.1062_0.4532_0.4407
medium,,,124,124,com_0.1062_0.4532_0.4407
A,0.008133234671131313,0.0004499882067449493,1431,1166,com_0.0081_0.5206_0.4712
B,0.5206286225634148,0.0017856826307094049,872,713,com_0.0081_0.5206_0.4712
C,0.47123814276545384,0.026131311154000875,1462,1193,com_0.0081_0.5206_0.4712
medium,,,124,124,com_0.0081_0.5206_0.4712
A,0.1419453638788081,0.006511364910875457,1431,1166,com_0.1419_0.3597_0.4983
B,0.35972358690978723,0.0025831867481581096,872,713,com_0.1419_0.3597_0.4983
C,0.49833104921140475,0.022864151527146763,1462,1193,com_0.1419_0.3597_0.4983
medium,,,124,124,com_0.1419_0.3597_0.4983
A,0.1643881007857499,0.022397780065743746,1431,1166,com_0.1644_0.5839_0.2518
B,0.5838542630670975,0.0015921759515210405,872,713,com_0.1644_0.5839_0.2518
C,0.2517576361471525,0.03430235830251945,1462,1193,com_0.1644_0.5839_0.2518
medium,,,124,124,com_0.1644_0.5839_0.2518
A,0.15222774278312717,0.0034169982085313364,1431,1166,com_0.1522_0.1018_0.746
B,0.10180817815162507,0.0022849182137976575,872,713,com_0.1522_0.1018_0.746
C,0.7459640790652478,0.016749630377470022,1462,1193,com_0.1522_0.1018_0.746
medium,,,124,124,com_0.1522_0.1018_0.746
A,0.33345003841924736,0.01660601262307978,1431,1166,com_0.3335_0.2976_0.369
B,0.2975752832426343,0.0031222708533316023,872,713,com_0.3335_0.2976_0.369
C,0.36897467833811837,0.018378013726965584,1462,1193,com_0.3335_0.2976_0.369
medium,,,124,124,com_0.3335_0.2976_0.369
A,0.35274305060169875,0.032088704605047993,1431,1166,com_0.3527_0.5428_0.1044
B,0.5428228413395446,0.0017226549509934967,872,713,com_0.3527_0.5428_0.1044
C,0.1044341080587566,0.009501118249000103,1462,1193,com_0.3527_0.5428_0.1044
medium,,,124,124,com_0.3527_0.5428_0.1044
A,0.22450443173659915,0.02448995243142035,1431,1166,com_0.2245_0.5255_0.25
B,0.5254672508071503,0.0017689558542776642,872,713,com_0.2245_0.5255_0.25
C,0.2500283174562506,0.02727601709327129,1462,1193,com_0.2245_0.5255_0.25
medium,,,124,124,com_0.2245_0.5255_0.25
A,0.10763350532657391,0.007519768784561265,1431,1166,com_0.1076_0.4865_0.4058
B,0.48652661250569024,0.001908993745646503,872,713,com_0.1076_0.4865_0.4058
C,0.405839882167736,0.02835909691487116,1462,1193,com_0.1076_0.4865_0.4058
medium,,,124,124,com_0.1076_0.4865_0.4058
A,0.3297637508790239,0.02357207535310017,1431,1166,com_0.3298_0.4181_0.2522
B,0.4180803123075702,0.002223324902311212,872,713,com_0.3298_0.4181_0.2522
C,0.2521559368134059,0.01802322637282449,1462,1193,com_0.3298_0.4181_0.2522
medium,,,124,124,com_0.3298_0.4181_0.2522
A,0.3484429338925362,0.011921632955289706,1431,1166,com_0.3484_0.1582_0.4933
B,0.15821898078916677,0.004859110388641548,872,713,com_0.3484_0.1582_0.4933
C,0.49333808531829704,0.0168740177876893,1462,1193,com_0.3484_0.1582_0.4933
medium,,,124,124,com_0.3484_0.1582_0.4933
A,0.12513141536666786,0.003443910825329216,1431,1166,com_0.1251_0.2178_0.6571
B,0.2177758834738018,0.004267283527906,872,713,com_0.1251_0.2178_0.6571
C,0.6570927011595303,0.018090529672460446,1462,1193,com_0.1251_0.2178_0.6571
medium,,,124,124,com_0.1251_0.2178_0.6571
A,0.5002264007077428,0.021156301056057068,1431,1166,com_0.5002_0.2972_0.2026
B,0.2972004569266373,0.00312652729656325,872,713,com_0.5002_0.2972_0.2026
C,0.20257314236561993,0.008566102066734783,1462,1193,com_0.5002_0.2972_0.2026
medium,,,124,124,com_0.5002_0.2972_0.2026
A,0.44652614194924384,0.018452650888495493,1431,1166,com_0.4465_0.2393_0.3142
B,0.23929871328295216,0.0038838258611217503,872,713,com_0.4465_0.2393_0.3142
C,0.314175144767804,0.012981365365493588,1462,1193,com_0.4465_0.2393_0.3142
medium,,,124,124,com_0.4465_0.2393_0.3142
A,0.016544571327190446,0.0005584499455982784,1431,1166,com_0.0165_0.3801_0.6033
B,0.38014326838512574,0.0024456528279330632,872,713,com_0.0165_0.3801_0.6033
C,0.6033121602876839,0.02040149514662742,1462,1193,com_0.0165_0.3801_0.6033
medium,,,124,124,com_0.0165_0.3801_0.6033
A,0.33507886860087654,0.010163937475346484,1431,1166,com_0.3351_0.1051_0.5598
B,0.10513739292067621,0.003188443219343734,872,713,com_0.3351_0.1051_0.5598
C,0.5597837384784473,0.016982384362731702,1462,1193,com_0.3351_0.1051_0.5598
medium,,,124,124,com_0.3351_0.1051_0.5598
A,0.39697237931393636,0.024922900006697925,1431,1166,com_0.397_0.4065_0.1965
B,0.40649247770017066,0.002285438564498293,872,713,com_0.397_0.4065_0.1965
C,0.1965351429858931,0.012337189917142595,1462,1193,com_0.397_0.4065_0.1965
medium,,,124,124,com_0.397_0.4065_0.1965
A,0.2502292573438305,0.0171511236187769,1431,1166,com_0.2502_0.4076_0.3422
B,0.4075856195438888,0.002279202659860686,872,713,com_0.2502_0.4076_0.3422
C,0.3421851231122808,0.02345725804101587,1462,1193,com_0.2502_0.4076_0.3422
medium,,,124,124,com_0.2502_0.4076_0.3422
A,0.8610677142591814,0.015176091301875399,1431,1166,com_0.8611_0.053_0.0859
B,0.053029714890185424,0.0009349449345449929,872,713,com_0.8611_0.053_0.0859
C,0.08590257085063331,0.0015155049639843142,1462,1193,com_0.8611_0.053_0.0859
medium,,,124,124,com_0.8611_0.053_0.0859
A,0.2280709227130904,0.007172203334199078,1431,1166,com_0.2281_0.1892_0.5828
B,0.18915224721654295,0.004913102560513435,872,713,com_0.2281_0.1892_0.5828
C,0.5827768300703666,0.01833002259248445,1462,1193,com_0.2281_0.1892_0.5828
medium,,,124,124,com_0.2281_0.1892_0.5828
A,0.3916411755880505,0.012431078978531495,1431,1166,com_0.3916_0.1056_0.5028
B,0.105568496908093,0.003350118250667449,872,713,com_0.3916_0.1056_0.5028
C,0.5027903275038565,0.015961362246506905,1462,1193,com_0.3916_0.1056_0.5028
medium,,,124,124,com_0.3916_0.1056_0.5028
A,0.21546904766112676,0.013514318229375419,1431,1166,com_0.2155_0.3973_0.3872
B,0.39729195852766047,0.002338285643025104,872,713,com_0.2155_0.3973_0.3872
C,0.3872389938112127,0.024291222405437386,1462,1193,com_0.2155_0.3973_0.3872
medium,,,124,124,com_0.2155_0.3973_0.3872
A,0.1072197840899955,0.003738190561834677,1431,1166,com_0.1072_0.3082_0.5846
B,0.30821814981137763,0.003014922438298275,872,713,com_0.1072_0.3082_0.5846
C,0.5845620660986269,0.020386793421376025,1462,1193,com_0.1072_0.3082_0.5846
medium,,,124,124,com_0.1072_0.3082_0.5846
A,0.3338526761797718,0.020862216140195494,1431,1166,com_0.3339_0.3735_0.2927
B,0.3734872893053148,0.0024882319962591304,872,713,com_0.3339_0.3735_0.2927
C,0.29266003451491346,0.01829145609208102,1462,1193,com_0.3339_0.3735_0.2927
medium,,,124,124,com_0.3339_0.3735_0.2927
A,0.3317366201295009,0.009040894211693755,1431,1166,com_0.3317_0.0578_0.6104
B,0.05782171954785648,0.0015750028889100084,872,713,com_0.3317_0.0578_0.6104
C,0.6104416603226426,0.016639006608329315,1462,1193,com_0.3317_0.0578_0.6104
medium,,,124,124,com_0.3317_0.0578_0.6104
A,0.4769877606586913,0.025454855448160438,1431,1166,com_0.477_0.4656_0.0574
B,0.46561949542391345,0.001997355491826446,872,713,com_0.477_0.4656_0.0574
C,0.05739274391739524,0.0030616770699137567,1462,1193,com_0.477_0.4656_0.0574
medium,,,124,124,com_0.477_0.4656_0.0574
A,0.5098607061482506,0.02380290857987799,1431,1166,com_0.5099_0.4788_0.0113
B,0.47883654562249,0.0019130100784048802,872,713,com_0.5099_0.4788_0.0113
C,0.011302748229259458,0.000933749547074957,1462,1193,com_0.5099_0.4788_0.0113
medium,,,124,124,com_0.5099_0.4788_0.0113
A,0.5100720314499281,0.021463135014738063,1431,1166,com_0.5101_0.3094_0.1805
B,0.30943765312717564,0.0030026118003403206,872,713,com_0.5101_0.3094_0.1805
C,0.18049031542289623,0.007593437099227083,1462,1193,com_0.5101_0.3094_0.1805
medium,,,124,124,com_0.5101_0.3094_0.1805
A,0.4801703912057211,0.025007122696804645,1431,1166,com_0.4802_0.4426_0.0772
B,0.4425924107617301,0.0020992977474446725,872,713,com_0.4802_0.4426_0.0772
C,0.0772371980325488,0.004021310364103921,1462,1193,com_0.4802_0.4426_0.0772
medium,,,124,124,com_0.4802_0.4426_0.0772
A,0.3994929456170331,0.025653716514585895,1431,1166,com_0.3995_0.4208_0.1797
B,0.42082482257455234,0.0022004026490865655,872,713,com_0.3995_0.4208_0.1797
C,0.17968223180841458,0.011536728103160249,1462,1193,com_0.3995_0.4208_0.1797
medium,,,124,124,com_0.3995_0.4208_0.1797
A,0.007386469265751814,0.00024896341348167153,1431,1166,com_0.0074_0.3893_0.6033
B,0.38934416314632175,0.0023870242135141722,872,713,com_0.0074_0.3893_0.6033
C,0.6032693675879265,0.020415747327054246,1462,1193,com_0.0074_0.3893_0.6033
medium,,,124,124,com_0.0074_0.3893_0.6033
A,0.5323974716635993,0.020257529679577183,1431,1166,com_0.5324_0.2669_0.2007
B,0.2668550783476156,0.0034821771662643048,872,713,com_0.5324_0.2669_0.2007
C,0.2007474499887851,0.007637026722584523,1462,1193,com_0.5324_0.2669_0.2007
medium,,,124,124,com_0.5324_0.2669_0.2007
A,0.5610469851636845,0.020752084182192387,1431,1166,com_0.561_0.3038_0.1351
B,0.3038177867543072,0.0030584613961613266,872,713,com_0.561_0.3038_0.1351
C,0.13513522808200848,0.004997206541157845,1462,1193,com_0.561_0.3038_0.1351
medium,,,124,124,com_0.561_0.3038_0.1351
A,0.3493727980447171,0.019862130177424095,1431,1166,com_0.3494_0.343_0.3076
B,0.34304884787382034,0.002707495440852283,872,713,com_0.3494_0.343_0.3076
C,0.3075783540814626,0.017489256399027445,1462,1193,com_0.3494_0.343_0.3076
medium,,,124,124,com_0.3494_0.343_0.3076
A,0.6357091636936333,0.017875747924429926,1431,1166,com_0.6357_0.1641_0.2001
B,0.16414250647293446,0.004614432234669582,872,713,com_0.6357_0.1641_0.2001
C,0.20014832983343223,0.0056268600829386325,1462,1193,com_0.6357_0.1641_0.2001
medium,,,124,124,com_0.6357_0.1641_0.2001
A,0.4383436117984589,0.019010695561539663,1431,1166,com_0.4383_0.2585_0.3031
B,0.25851104152562626,0.0035946151424963574,872,713,com_0.4383_0.2585_0.3031
C,0.3031453466759148,0.013145322097985126,1462,1193,com_0.4383_0.2585_0.3031
medium,,,124,124,com_0.4383_0.2585_0.3031
A,0.02766080807425058,0.0008782492663769404,1431,1166,com_0.0277_0.3505_0.6219
B,0.35045910038752326,0.002652665109714531,872,713,com_0.0277_0.3505_0.6219
C,0.6218800915382262,0.019768222747582206,1462,1193,com_0.0277_0.3505_0.6219
medium,,,124,124,com_0.0277_0.3505_0.6219
A,0.19098089956306086,0.04937196703289491,1431,1166,com_0.191_0.7033_0.1057
B,0.7033033704810719,0.0013212006330243376,872,713,com_0.191_0.7033_0.1057
C,0.1057157299558672,0.027328954262120432,1462,1193,com_0.191_0.7033_0.1057
medium,,,124,124,com_0.191_0.7033_0.1057
A,0.16748539587656747,0.00491678738937605,1431,1166,com_0.1675_0.2066_0.6259
B,0.20656670501064242,0.004476976976839314,872,713,com_0.1675_0.2066_0.6259
C,0.6259478991127901,0.018370735704368184,1462,1193,com_0.1675_0.2066_0.6259
medium,,,124,124,com_0.1675_0.2066_0.6259
A,0.35214582170512726,0.01749217161883308,1431,1166,com_0.3521_0.2958_0.3521
B,0.29577627176237603,0.003141496582637478,872,713,com_0.3521_0.2958_0.3521
C,0.3520779065324967,0.01749167577621791,1462,1193,com_0.3521_0.2958_0.3521
medium,,,124,124,com_0.3521_0.2958_0.3521
A,0.618909755425649,0.017361814724086575,1431,1166,com_0.6189_0.0995_0.2816
B,0.09945981709497985,0.002788969832030669,872,713,com_0.6189_0.0995_0.2816
C,0.2816304274793712,0.007899078839204491,1462,1193,com_0.6189_0.0995_0.2816
medium,,,124,124,com_0.6189_0.0995_0.2816
A,0.40364421147215673,0.025674068890243602,1431,1166,com_0.4036_0.421_0.1753
B,0.42101583842860196,0.002206590062643665,872,713,com_0.4036_0.421_0.1753
C,0.1753399500992413,0.01115096260281088,1462,1193,com_0.4036_0.421_0.1753
medium,,,124,124,com_0.4036_0.421_0.1753
A,0.3930038473795892,0.024694504048670362,1431,1166,com_0.393_0.403_0.2039
B,0.4030478314834743,0.0023052245553435353,872,713,com_0.393_0.403_0.2039
C,0.20394832113693662,0.012813329431812053,1462,1193,com_0.393_0.403_0.2039
medium,,,124,124,com_0.393_0.403_0.2039
A,0.5316225099864308,0.02195285535300433,1431,1166,com_0.5316_0.3431_0.1252
B,0.3431335773086165,0.002707946908681936,872,713,com_0.5316_0.3431_0.1252
C,0.12524391270495283,0.005170617046725143,1462,1193,com_0.5316_0.3431_0.1252
medium,,,124,124,com_0.5316_0.3431_0.1252
A,0.003164180396632055,0.0001369599635723563,1431,1166,com_0.0032_0.4654_0.5315
B,0.4653595216329453,0.001996727353444905,872,713,com_0.0032_0.4654_0.5315
C,0.5314762979704227,0.02317334047633393,1462,1193,com_0.0032_0.4654_0.5315
medium,,,124,124,com_0.0032_0.4654_0.5315
A,0.2625435719159059,0.01430710722962439,1431,1166,com_0.2625_0.3411_0.3964
B,0.34110272423087473,0.0027238582806609337,872,713,com_0.2625_0.3411_0.3964
C,0.3963537038532194,0.021602052119645533,1462,1193,com_0.2625_0.3411_0.3964
medium,,,124,124,com_0.2625_0.3411_0.3964
A,0.45568891007068096,0.02516161532927496,1431,1166,com_0.4557_0.4201_0.1242
B,0.4200617257075415,0.002212234735599104,872,713,com_0.4557_0.4201_0.1242
C,0.1242493642217774,0.0068593001149291856,1462,1193,com_0.4557_0.4201_0.1242
medium,,,124,124,com_0.4557_0.4201_0.1242
A,0.20264306917298247,0.02322138251446464,1431,1166,com_0.2026_0.5396_0.2577
B,0.5396271477675885,0.0017232597618760856,872,713,com_0.2026_0.5396_0.2577
C,0.2577297830594291,0.02953418041350346,1462,1193,com_0.2026_0.5396_0.2577
medium,,,124,124,com_0.2026_0.5396_0.2577
A,0.47705355841149866,0.018670984845085573,1431,1166,com_0.4771_0.2277_0.2953
B,0.22767353288506031,0.004078419362323371,872,713,com_0.4771_0.2277_0.2953
C,0.295272908703441,0.011554734211621346,1462,1193,com_0.4771_0.2277_0.2953
medium,,,124,124,com_0.4771_0.2277_0.2953
A,0.13145091541279225,0.020985543591257757,1431,1166,com_0.1315_0.6239_0.2447
B,0.6238568875967871,0.0014906813143951397,872,713,com_0.1315_0.6239_0.2447
C,0.24469219699042058,0.039064863044342854,1462,1193,com_0.1315_0.6239_0.2447
medium,,,124,124,com_0.1315_0.6239_0.2447
A,0.610866274269135,0.01889982577506987,1431,1166,com_0.6109_0.2311_0.1581
B,0.2310599198861232,0.00402161581944285,872,713,com_0.6109_0.2311_0.1581
C,0.1580738058447418,0.004889535608263235,1462,1193,com_0.6109_0.2311_0.1581
medium,,,124,124,com_0.6109_0.2311_0.1581
A,0.10439374744874158,0.002810949442603106,1431,1166,com_0.1044_0.2275_0.6681
B,0.22746461924350703,0.00408429431145785,872,713,com_0.1044_0.2275_0.6681
C,0.6681416333077513,0.017997576094816576,1462,1193,com_0.1044_0.2275_0.6681
medium,,,124,124,com_0.1044_0.2275_0.6681
A,0.4702001955895508,0.024031814753842723,1431,1166,com_0.4702_0.3886_0.1412
B,0.38860755497009836,0.0023904535810239046,872,713,com_0.4702_0.3886_0.1412
C,0.14119224944035083,0.0072149538604113165,1462,1193,com_0.4702_0.3886_0.1412
medium,,,124,124,com_0.4702_0.3886_0.1412
A,0.20342126725706652,0.009987422880400953,1431,1166,com_0.2034_0.3389_0.4577
B,0.3388867242961701,0.0027418643557035197,872,713,com_0.2034_0.3389_0.4577
C,0.45769200844676333,0.022474878401801283,1462,1193,com_0.2034_0.3389_0.4577
medium,,,124,124,com_0.2034_0.3389_0.4577
A,0.28388696192388946,0.011936321852420582,1431,1166,com_0.2839_0.2553_0.4608
B,0.25530149949395736,0.0036395393287684407,872,713,com_0.2839_0.2553_0.4608
C,0.4608115385821531,0.01937812129511263,1462,1193,com_0.2839_0.2553_0.4608
medium,,,124,124,com_0.2839_0.2553_0.4608
A,0.558229310788318,0.01675842107311356,1431,1166,com_0.5582_0.0942_0.3476
B,0.09420359953310697,0.002826918152804597,872,713,com_0.5582_0.0942_0.3476
C,0.347567089678575,0.010432691356235589,1462,1193,com_0.5582_0.0942_0.3476
medium,,,124,124,com_0.5582_0.0942_0.3476
A,0.29677608098803654,0.010165290586021806,1431,1166,com_0.2968_0.1821_0.5211
B,0.18211201322814352,0.005094049975766546,872,713,com_0.2968_0.1821_0.5211
C,0.5211119057838199,0.01785202944339664,1462,1193,com_0.2968_0.1821_0.5211
medium,,,124,124,com_0.2968_0.1821_0.5211
A,0.6081433710453259,0.017531067895237454,1431,1166,com_0.6081_0.1155_0.2764
B,0.11546611894850173,0.0033274379169505723,872,713,com_0.6081_0.1155_0.2764
C,0.27639051000617243,0.00796626054193848,1462,1193,com_0.6081_0.1155_0.2764
medium,,,124,124,com_0.6081_0.1155_0.2764
A,0.1584872231470128,0.012388819016379364,1431,1166,com_0.1585_0.4776_0.3639
B,0.4775751633024025,0.001945028490800842,872,713,com_0.1585_0.4776_0.3639
C,0.36393761355058485,0.028452791565222544,1462,1193,com_0.1585_0.4776_0.3639
medium,,,124,124,com_0.1585_0.4776_0.3639
A,0.415263825081519,0.02027084411203351,1431,1166,com_0.4153_0.302_0.2827
B,0.3020431892748077,0.0030763906033415443,872,713,com_0.4153_0.302_0.2827
C,0.2826929856436733,0.013797501138557242,1462,1193,com_0.4153_0.302_0.2827
medium,,,124,124,com_0.4153_0.302_0.2827
A,0.10016851132041427,0.002372610891890956,1431,1166,com_0.1002_0.1814_0.7184
B,0.18142937022205005,0.00429818268314976,872,713,com_0.1002_0.1814_0.7184
C,0.7184021184575357,0.017023795019275628,1462,1193,com_0.1002_0.1814_0.7184
medium,,,124,124,com_0.1002_0.1814_0.7184
A,0.1354191905943251,0.008702737675995888,1431,1166,com_0.1354_0.4483_0.4163
B,0.4482696718584732,0.0020721842726333997,872,713,com_0.1354_0.4483_0.4163
C,0.4163111375472017,0.026758815278980063,1462,1193,com_0.1354_0.4483_0.4163
medium,,,124,124,com_0.1354_0.4483_0.4163
A,0.5499583969098913,0.022301216142340267,1431,1166,com_0.55_0.415_0.0351
B,0.4149646316352969,0.0022386035778645596,872,713,com_0.55_0.415_0.0351
C,0.035076971454811826,0.0014457451621732631,1462,1193,com_0.55_0.415_0.0351
medium,,,124,124,com_0.55_0.415_0.0351
A,0.02748624883286757,0.000920159324816906,1431,1166,com_0.0275_0.3669_0.6056
B,0.36689247147808696,0.0025340868480852176,872,713,com_0.0275_0.3669_0.6056
C,0.6056212796890456,0.02029713813180363,1462,1193,com_0.0275_0.3669_0.6056
medium,,,124,124,com_0.0275_0.3669_0.6056
A,0.24979957154915433,0.04343339021422582,1431,1166,com_0.2498_0.6583_0.0919
B,0.6582861483947569,0.0014110947536289573,872,713,com_0.2498_0.6583_0.0919
C,0.0919142800560887,0.015980775635052857,1462,1193,com_0.2498_0.6583_0.0919
medium,,,124,124,com_0.2498_0.6583_0.0919
A,0.3520723492002726,0.02040037479921968,1431,1166,com_0.3521_0.3502_0.2977
B,0.3502364699688858,0.002652664129656482,872,713,com_0.3521_0.3502_0.2977
C,0.2976911808308417,0.017252577885951196,1462,1193,com_0.3521_0.3502_0.2977
medium,,,124,124,com_0.3521_0.3502_0.2977
A,0.40370311192876046,0.0278285960403892,1431,1166,com_0.4037_0.4709_0.1254
B,0.4708818077956461,0.0019725822125186043,872,713,com_0.4037_0.4709_0.1254
C,0.12541508027559345,0.008643808873858677,1462,1193,com_0.4037_0.4709_0.1254
medium,,,124,124,com_0.4037_0.4709_0.1254
A,0.2958724742592759,0.016714386340698394,1431,1166,com_0.2959_0.3429_0.3612
B,0.34288849875031446,0.0027098018026690887,872,713,com_0.2959_0.3429_0.3612
C,0.3612390269904097,0.020410090324945434,1462,1193,com_0.2959_0.3429_0.3612
medium,,,124,124,com_0.2959_0.3429_0.3612
A,0.3332629839108936,0.01746733802259594,1431,1166,com_0.3333_0.3147_0.3521
B,0.3146863532204501,0.002952458273649447,872,713,com_0.3333_0.3147_0.3521
C,0.3520506628686563,0.018454992567555607,1462,1193,com_0.3333_0.3147_0.3521
medium,,,124,124,com_0.3333_0.3147_0.3521
A,0.06407289098519024,0.011608820168790368,1431,1166,com_0.0641_0.6832_0.2527
B,0.6831877178532176,0.0013605169164332903,872,713,com_0.0641_0.6832_0.2527
C,0.2527393911615921,0.045794637371730756,1462,1193,com_0.0641_0.6832_0.2527
medium,,,124,124,com_0.0641_0.6832_0.2527
A,0.07738687073659789,0.00315121542840487,1431,1166,com_0.0774_0.3782_0.5444
B,0.3781708261080177,0.0024566786092862585,872,713,com_0.0774_0.3782_0.5444
C,0.5444423031553844,0.02217774212988393,1462,1193,com_0.0774_0.3782_0.5444
medium,,,124,124,com_0.0774_0.3782_0.5444
A,0.4374744855985435,0.020739799510708774,1431,1166,com_0.4375_0.3009_0.2616
B,0.30087803052737894,0.0030883525486845027,872,713,com_0.4375_0.3009_0.2616
C,0.26164748387407755,0.012402402197863626,1462,1193,com_0.4375_0.3009_0.2616
medium,,,124,124,com_0.4375_0.3009_0.2616
A,0.5711584334231732,0.018637913136557084,1431,1166,com_0.5712_0.2024_0.2264
B,0.20239248865217083,0.004590939962753866,872,713,com_0.5712_0.2024_0.2264
C,0.22644907792465596,0.007388128341386188,1462,1193,com_0.5712_0.2024_0.2264
medium,,,124,124,com_0.5712_0.2024_0.2264
A,0.2003343229682236,0.0117088911528459,1431,1166,com_0.2003_0.3866_0.4131
B,0.38661302424940136,0.0024016691736278017,872,713,com_0.2003_0.3866_0.4131
C,0.41305265278237496,0.02414510221084857,1462,1193,com_0.2003_0.3866_0.4131
medium,,,124,124,com_0.2003_0.3866_0.4131
A,0.672250901632269,0.017597200657603538,1431,1166,com_0.6723_0.1487_0.1791
B,0.14866703822618157,0.0038904760614542878,872,713,com_0.6723_0.1487_0.1791
C,0.1790820601415496,0.004686613063953283,1462,1193,com_0.6723_0.1487_0.1791
medium,,,124,124,com_0.6723_0.1487_0.1791
A,0.3372693996898026,0.032041330758164066,1431,1166,com_0.3373_0.6613_0.0015
B,0.6612508632398002,0.0012333478962040015,872,713,com_0.3373_0.6613_0.0015
C,0.0014797370703972426,0.000633433732255375,1462,1193,com_0.3373_0.6613_0.0015
medium,,,124,124,com_0.3373_0.6613_0.0015
A,0.0678662301013574,0.0021096111704557866,1431,1166,com_0.0679_0.3065_0.6257
B,0.30645599769338155,0.0030321277743878337,872,713,com_0.0679_0.3065_0.6257
C,0.625677772205261,0.01945893449568988,1462,1193,com_0.0679_0.3065_0.6257
medium,,,124,124,com_0.0679_0.3065_0.6257
A,0.4243664489307042,0.021571326844485532,1431,1166,com_0.4244_0.3261_0.2495
B,0.3261231856538737,0.002849095224699269,872,713,com_0.4244_0.3261_0.2495
C,0.24951036541542207,0.012681254732431212,1462,1193,com_0.4244_0.3261_0.2495
medium,,,124,124,com_0.4244_0.3261_0.2495
A,0.37865090809156177,0.012970895395236255,1431,1166,com_0.3787_0.1521_0.4692
B,0.1521202950293787,0.005210366225371883,872,713,com_0.3787_0.1521_0.4692
C,0.46922879687905955,0.016076089461483242,1462,1193,com_0.3787_0.1521_0.4692
medium,,,124,124,com_0.3787_0.1521_0.4692
A,0.3810225730167307,0.018599947421444656,1431,1166,com_0.381_0.2916_0.3273
B,0.29163528941004047,0.0031843896085105923,872,713,com_0.381_0.2916_0.3273
C,0.3273421375732289,0.01598244489205739,1462,1193,com_0.381_0.2916_0.3273
medium,,,124,124,com_0.381_0.2916_0.3273
A,0.0318937997738003,0.002710029470604941,1431,1166,com_0.0319_0.5888_0.3793
B,0.5887667949532103,0.0015774043394375156,872,713,com_0.0319_0.5888_0.3793
C,0.37933940527298954,0.032246192405838765,1462,1193,com_0.0319_0.5888_0.3793
medium,,,124,124,com_0.0319_0.5888_0.3793
A,0.32997963233110517,0.013555795376297475,1431,1166,com_0.33_0.2331_0.437
B,0.23305392833741806,0.003986977165148823,872,713,com_0.33_0.2331_0.437
C,0.4369664393314769,0.01795353169793423,1462,1193,com_0.33_0.2331_0.437
medium,,,124,124,com_0.33_0.2331_0.437
A,0.27908174062473556,0.013104530977808473,1431,1166,com_0.2791_0.2915_0.4294
B,0.29147425018629025,0.003188006426972766,872,713,com_0.2791_0.2915_0.4294
C,0.4294440091889742,0.020167823046805932,1462,1193,com_0.2791_0.2915_0.4294
medium,,,124,124,com_0.2791_0.2915_0.4294
A,0.296259894143278,0.03581412557015383,1431,1166,com_0.2963_0.5849_0.1189
B,0.5848845585062727,0.0015892510000812088,872,713,com_0.2963_0.5849_0.1189
C,0.1188555473504492,0.014366939553615305,1462,1193,com_0.2963_0.5849_0.1189
medium,,,124,124,com_0.2963_0.5849_0.1189
A,0.4784353663418211,0.013945511992087444,1431,1166,com_0.4784_0.0492_0.4724
B,0.04919675674884174,0.0014330979229551775,872,713,com_0.4784_0.0492_0.4724
C,0.4723678769093372,0.013770788178596777,1462,1193,com_0.4784_0.0492_0.4724
medium,,,124,124,com_0.4784_0.0492_0.4724
A,0.27500697465521406,0.017772459319251997,1431,1166,com_0.275_0.3859_0.3391
B,0.3859262598567431,0.0024072325343277847,872,713,com_0.275_0.3859_0.3391
C,0.3390667654880429,0.021915575698877702,1462,1193,com_0.275_0.3859_0.3391
medium,,,124,124,com_0.275_0.3859_0.3391
A,0.37445556551656256,0.014229252467328528,1431,1166,com_0.3745_0.1967_0.4289
B,0.196687372182093,0.00472445229075319,872,713,com_0.3745_0.1967_0.4289
C,0.4288570623013445,0.016299008721144426,1462,1193,com_0.3745_0.1967_0.4289
medium,,,124,124,com_0.3745_0.1967_0.4289
A,0.6806028313312666,0.01774464663994275,1431,1166,com_0.6806_0.2227_0.0967
B,0.22266836642782178,0.004160956333166464,872,713,com_0.6806_0.2227_0.0967
C,0.0967288022409116,0.0025208395523256097,1462,1193,com_0.6806_0.2227_0.0967
medium,,,124,124,com_0.6806_0.2227_0.0967
A,0.10177566977964177,0.003878953875417341,1431,1166,com_0.1018_0.339_0.5592
B,0.33897459710255534,0.002740423898693804,872,713,com_0.1018_0.339_0.5592
C,0.5592497331178029,0.021320869662323647,1462,1193,com_0.1018_0.339_0.5592
medium,,,124,124,com_0.1018_0.339_0.5592
A,0.36965511054175143,0.03320442093874213,1431,1166,com_0.3697_0.6106_0.0197
B,0.6105964836955413,0.0015212652804457855,872,713,com_0.3697_0.6106_0.0197
C,0.01974840576270728,0.0017770267456258299,1462,1193,com_0.3697_0.6106_0.0197
medium,,,124,124,com_0.3697_0.6106_0.0197
A,0.2025992193045501,0.01776301763920748,1431,1166,com_0.2026_0.4821_0.3153
B,0.482053760575998,0.0019264472035654759,872,713,com_0.2026_0.4821_0.3153
C,0.31534702011945187,0.02765202365146412,1462,1193,com_0.2026_0.4821_0.3153
medium,,,124,124,com_0.2026_0.4821_0.3153
A,0.4746657904146452,0.013467225864183335,1431,1166,com_0.4747_0.0351_0.4902
B,0.035084896270051395,0.0009945031875858079,872,713,com_0.4747_0.0351_0.4902
C,0.49024931331530347,0.013911461471258393,1462,1193,com_0.4747_0.0351_0.4902
medium,,,124,124,com_0.4747_0.0351_0.4902
A,0.5541487989284861,0.016892455204137888,1431,1166,com_0.5541_0.1043_0.3415
B,0.10434412773928194,0.0031796295719995348,872,713,com_0.5541_0.1043_0.3415
C,0.34150707333223196,0.010408857459229598,1462,1193,com_0.5541_0.1043_0.3415
medium,,,124,124,com_0.5541_0.1043_0.3415
A,0.5992724612664957,0.02044974826523275,1431,1166,com_0.5993_0.3592_0.0415
B,0.3591792466097704,0.002586475293869717,872,713,com_0.5993_0.3592_0.0415
C,0.04154829212373388,0.0014749408778102096,1462,1193,com_0.5993_0.3592_0.0415
medium,,,124,124,com_0.5993_0.3592_0.0415
A,0.348384859008439,0.018600989800605754,1431,1166,com_0.3484_0.321_0.3306
B,0.3209751122039277,0.0028947285744359143,872,713,com_0.3484_0.321_0.3306
C,0.33064002878763327,0.017656570099892875,1462,1193,com_0.3484_0.321_0.3306
medium,,,124,124,com_0.3484_0.321_0.3306
A,0.1782635442946933,0.004727367547790768,1431,1166,com_0.1783_0.1559_0.6659
B,0.15588299500404967,0.004133732630545158,872,713,com_0.1783_0.1559_0.6659
C,0.6658534607012571,0.01766201223108065,1462,1193,com_0.1783_0.1559_0.6659
medium,,,124,124,com_0.1783_0.1559_0.6659
A,0.5186479821014985,0.019344084026355717,1431,1166,com_0.5186_0.2338_0.2476
B,0.23379508701638285,0.00397469491200106,872,713,com_0.5186_0.2338_0.2476
C,0.24755693088211855,0.009231709196543304,1462,1193,com_0.5186_0.2338_0.2476
medium,,,124,124,com_0.5186_0.2338_0.2476
A,0.4341082707755226,0.025684614176974985,1431,1166,com_0.4341_0.5631_0.0027
B,0.5631490776458644,0.0014932183505769975,872,713,com_0.4341_0.5631_0.0027
C,0.0027426515786130104,0.000661714127058331,1462,1193,com_0.4341_0.5631_0.0027
medium,,,124,124,com_0.4341_0.5631_0.0027
A,0.4721313234714569,0.019181039722752726,1431,1166,com_0.4721_0.2445_0.2834
B,0.2444779826151461,0.0038007158555256565,872,713,com_0.4721_0.2445_0.2834
C,0.283390693913397,0.011511481991652776,1462,1193,com_0.4721_0.2445_0.2834
medium,,,124,124,com_0.4721_0.2445_0.2834
A,0.5339211922336091,0.02186845004764456,1431,1166,com_0.5339_0.3409_0.1252
B,0.3408533795841649,0.00272624065976263,872,713,com_0.5339_0.3409_0.1252
C,0.125225428182226,0.005127797359704908,1462,1193,com_0.5339_0.3409_0.1252
medium,,,124,124,com_0.5339_0.3409_0.1252
A,0.1646835316329159,0.006166564614169051,1431,1166,com_0.1647_0.286_0.5494
B,0.28596477204409865,0.00324925907702514,872,713,com_0.1647_0.286_0.5494
C,0.5493516963229854,0.020574620392766887,1462,1193,com_0.1647_0.286_0.5494
medium,,,124,124,com_0.1647_0.286_0.5494
A,0.5660199765893513,0.016680566719326915,1431,1166,com_0.566_0.0847_0.3493
B,0.08471029536080286,0.002495287871988371,872,713,com_0.566_0.0847_0.3493
C,0.34926972804984585,0.010291465417342308,1462,1193,com_0.566_0.0847_0.3493
medium,,,124,124,com_0.566_0.0847_0.3493
A,0.3777116614014653,0.02873747759797924,1431,1166,com_0.3777_0.4836_0.1387
B,0.48358404173277325,0.0019216128040362422,872,713,com_0.3777_0.4836_0.1387
C,0.13870429686576147,0.010552421394189566,1462,1193,com_0.3777_0.4836_0.1387
medium,,,124,124,com_0.3777_0.4836_0.1387
A,0.3791875750635527,0.028638693305892624,1431,1166,com_0.3792_0.4818_0.139
B,0.48184246571774997,0.0019291125952465213,872,713,com_0.3792_0.4818_0.139
C,0.13896995921869734,0.010494662696754427,1462,1193,com_0.3792_0.4818_0.139
medium,,,124,124,com_0.3792_0.4818_0.139
A,0.29114473649893186,0.013381505013251999,1431,1166,com_0.2911_0.2808_0.428
B,0.28081522405763404,0.003308996125927167,872,713,com_0.2911_0.2808_0.428
C,0.42804003944343405,0.01967628228339505,1462,1193,com_0.2911_0.2808_0.428
medium,,,124,124,com_0.2911_0.2808_0.428
A,0.3968581084307443,0.018451888825360915,1431,1166,com_0.3969_0.2754_0.3278
B,0.27539179208170556,0.0033740257789109307,872,713,com_0.3969_0.2754_0.3278
C,0.3277500994875502,0.01524163437322142,1462,1193,com_0.3969_0.2754_0.3278
medium,,,124,124,com_0.3969_0.2754_0.3278
A,0.3124963413983896,0.030797764696361345,1431,1166,com_0.3125_0.5222_0.1653
B,0.5221731784048917,0.0017801151188579047,872,713,com_0.3125_0.5222_0.1653
C,0.16533048019671856,0.01629276537840803,1462,1193,com_0.3125_0.5222_0.1653
medium,,,124,124,com_0.3125_0.5222_0.1653
A,0.3143354768204287,0.03769773796704916,1431,1166,com_0.3143_0.6232_0.0625
B,0.6231818608210307,0.001491584444246372,872,713,com_0.3143_0.6232_0.0625
C,0.062482662358540636,0.007492367611000881,1462,1193,com_0.3143_0.6232_0.0625
medium,,,124,124,com_0.3143_0.6232_0.0625
A,0.43712389183454725,0.017070998527888154,1431,1166,com_0.4371_0.2102_0.3527
B,0.2102179853706635,0.00441951074305592,872,713,com_0.4371_0.2102_0.3527
C,0.3526581227947893,0.013770293696796181,1462,1193,com_0.4371_0.2102_0.3527
medium,,,124,124,com_0.4371_0.2102_0.3527
A,0.20373520094468803,0.012790150973452154,1431,1166,com_0.2037_0.403_0.3933
B,0.40295937232045825,0.0023056945217827776,872,713,com_0.2037_0.403_0.3933
C,0.39330542673485375,0.0246945554981192,1462,1193,com_0.2037_0.403_0.3933
medium,,,124,124,com_0.2037_0.403_0.3933
A,0.13110587672022073,0.003070220009372755,1431,1166,com_0.1311_0.1422_0.7267
B,0.14218468493946962,0.0033297465704267486,872,713,com_0.1311_0.1422_0.7267
C,0.7267094383403097,0.01702392232503596,1462,1193,com_0.1311_0.1422_0.7267
medium,,,124,124,com_0.1311_0.1422_0.7267
A,0.1464780862892236,0.009361381966604111,1431,1166,com_0.1465_0.4397_0.4138
B,0.439685229299182,0.0021132440257579065,872,713,com_0.1465_0.4397_0.4138
C,0.4138366844115943,0.026452484269803938,1462,1193,com_0.1465_0.4397_0.4138
medium,,,124,124,com_0.1465_0.4397_0.4138
A,0.008881706416528115,0.0007383169787306514,1431,1166,com_0.0089_0.6066_0.3846
B,0.6065548396611915,0.0015330434724304246,872,713,com_0.0089_0.6066_0.3846
C,0.3845634539222804,0.03201285849300368,1462,1193,com_0.0089_0.6066_0.3846
medium,,,124,124,com_0.0089_0.6066_0.3846
A,0.11202841768524824,0.1010543787035682,1431,1166,com_0.112_0.8548_0.0332
B,0.8547795917674802,0.0010873168842658973,872,713,com_0.112_0.8548_0.0332
C,0.03319199054727159,0.029939877895205923,1462,1193,com_0.112_0.8548_0.0332
medium,,,124,124,com_0.112_0.8548_0.0332
A,0.34018203873615743,0.018411987048319915,1431,1166,com_0.3402_0.3254_0.3344
B,0.32537635766065665,0.0028556094711009714,872,713,com_0.3402_0.3254_0.3344
C,0.3344416036031859,0.018104304964008246,1462,1193,com_0.3402_0.3254_0.3344
medium,,,124,124,com_0.3402_0.3254_0.3344
A,0.2780134942471479,0.017963268672661546,1512,1217,com_0.278_0.3907_0.3312
B,0.3907466484503317,0.00297629861528676,872,713,com_0.278_0.3907_0.3312
C,0.3312398573025204,0.02140563077594241,1462,1193,com_0.278_0.3907_0.3312
medium,,,126,126,com_0.278_0.3907_0.3312
A,0.17476513894262535,0.00982231051395937,1512,1217,com_0.1748_0.3958_0.4295
B,0.3957757101006463,0.002939486283361199,872,713,com_0.1748_0.3958_0.4295
C,0.4294591509567283,0.024140673515118626,1462,1193,com_0.1748_0.3958_0.4295
medium,,,126,126,com_0.1748_0.3958_0.4295
A,0.13738943674996895,0.004376875541457999,1512,1217,com_0.1374_0.2623_0.6003
B,0.2623260787746922,0.004435242154725229,872,713,com_0.1374_0.2623_0.6003
C,0.6002844844753388,0.019128583251807173,1462,1193,com_0.1374_0.2623_0.6003
medium,,,126,126,com_0.1374_0.2623_0.6003
A,0.30203096812197017,0.012976128646097328,1512,1217,com_0.302_0.2621_0.4359
B,0.26206495784931405,0.004439834887668095,872,713,com_0.302_0.2621_0.4359
C,0.43590407402871584,0.0187304742726243,1462,1193,com_0.302_0.2621_0.4359
medium,,,126,126,com_0.302_0.2621_0.4359
A,0.12750389437305498,0.006324773710752925,1512,1217,com_0.1275_0.3957_0.4768
B,0.39573183202006523,0.002939701547499845,872,713,com_0.1275_0.3957_0.4768
C,0.4767642736068798,0.02365454324192172,1462,1193,com_0.1275_0.3957_0.4768
medium,,,126,126,com_0.1275_0.3957_0.4768
A,0.14307599411941602,0.005785874311274419,1512,1217,com_0.1431_0.3294_0.5275
B,0.3293916709209098,0.003531741728362291,872,713,com_0.1431_0.3294_0.5275
C,0.5275323349596742,0.021337577073681103,1462,1193,com_0.1431_0.3294_0.5275
medium,,,126,126,com_0.1431_0.3294_0.5275
A,0.06651170347635653,0.0028443813116738885,1512,1217,com_0.0665_0.4062_0.5273
B,0.406199249708655,0.0028641349933808185,872,713,com_0.0665_0.4062_0.5273
C,0.5272890468149886,0.022558431327595888,1462,1193,com_0.0665_0.4062_0.5273
medium,,,126,126,com_0.0665_0.4062_0.5273
A,0.18654076233257624,0.046782940156873044,1512,1217,com_0.1865_0.6978_0.1157
B,0.69777162490074,0.0016681963401680416,872,713,com_0.1865_0.6978_0.1157
C,0.11568761276668385,0.02901315371584152,1462,1193,com_0.1865_0.6978_0.1157
medium,,,126,126,com_0.1865_0.6978_0.1157
A,0.46065480404199766,0.013971672770924782,1512,1217,com_0.4607_0.0708_0.4685
B,0.07080810605567306,0.002146765502005166,872,713,com_0.4607_0.0708_0.4685
C,0.46853708990232934,0.014212922403803103,1462,1193,com_0.4607_0.0708_0.4685
medium,,,126,126,com_0.4607_0.0708_0.4685
A,0.7444431269463732,0.01635093878188271,1512,1217,com_0.7444_0.0375_0.2181
B,0.03748800581767474,0.0008223678703043079,872,713,com_0.7444_0.0375_0.2181
C,0.21806886723595215,0.004788555882550616,1462,1193,com_0.7444_0.0375_0.2181
medium,,,126,126,com_0.7444_0.0375_0.2181
A,0.4397639916083272,0.014450078052674722,1512,1217,com_0.4398_0.1176_0.4426
B,0.11762204851599672,0.003864176404269481,872,713,com_0.4398_0.1176_0.4426
C,0.44261395987567614,0.014546020052999669,1462,1193,com_0.4398_0.1176_0.4426
medium,,,126,126,com_0.4398_0.1176_0.4426
A,0.6623519611688937,0.01820463432707485,1512,1217,com_0.6624_0.3084_0.0293
B,0.3083822720096631,0.003772208168987372,872,713,com_0.6624_0.3084_0.0293
C,0.029265766821443225,0.0008307905369594425,1462,1193,com_0.6624_0.3084_0.0293
medium,,,126,126,com_0.6624_0.3084_0.0293
A,0.29716783971917793,0.012122357717045637,1512,1217,com_0.2972_0.2469_0.4559
B,0.2468847423297675,0.004712344667748987,872,713,com_0.2972_0.2469_0.4559
C,0.4559474179510546,0.01860220432486423,1462,1193,com_0.2972_0.2469_0.4559
medium,,,126,126,com_0.2972_0.2469_0.4559
A,0.12479037946289682,0.008902968332712842,1512,1217,com_0.1248_0.4831_0.3921
B,0.4830602861244549,0.0024081572151524087,872,713,com_0.1248_0.4831_0.3921
C,0.3921493344126483,0.027981988011399107,1462,1193,com_0.1248_0.4831_0.3921
medium,,,126,126,com_0.1248_0.4831_0.3921
A,0.11355889168120714,0.0022839147594641827,1512,1217,com_0.1136_0.0878_0.7986
B,0.08783131770399648,0.0017662510820056908,872,713,com_0.1136_0.0878_0.7986
C,0.7986097906147964,0.016069070334820808,1462,1193,com_0.1136_0.0878_0.7986
medium,,,126,126,com_0.1136_0.0878_0.7986
A,0.6879761868684393,0.01738193119701558,1512,1217,com_0.688_0.1903_0.1217
B,0.19032650329643558,0.004807527189054972,872,713,com_0.688_0.1903_0.1217
C,0.12169730983512514,0.0030736365484690894,1462,1193,com_0.688_0.1903_0.1217
medium,,,126,126,com_0.688_0.1903_0.1217
A,0.041715873972195734,0.00480372942769286,1512,1217,com_0.0417_0.6371_0.3212
B,0.6370761248071072,0.0018254262498889747,872,713,com_0.0417_0.6371_0.3212
C,0.3212080012206972,0.03699808406452153,1462,1193,com_0.0417_0.6371_0.3212
medium,,,126,126,com_0.0417_0.6371_0.3212
A,0.48511950206620846,0.022051310778605105,1512,1217,com_0.4851_0.3402_0.1747
B,0.34021632064233004,0.0034195757344279354,872,713,com_0.4851_0.3402_0.1747
C,0.17466417729146153,0.007938041596801369,1462,1193,com_0.4851_0.3402_0.1747
medium,,,126,126,com_0.4851_0.3402_0.1747
A,0.37858973296328857,0.018735778012696366,1512,1217,com_0.3786_0.3038_0.3176
B,0.3038171662386918,0.003829074775288719,872,713,com_0.3786_0.3038_0.3176
C,0.3175931007980197,0.015714749562984055,1462,1193,com_0.3786_0.3038_0.3176
medium,,,126,126,com_0.3786_0.3038_0.3176
A,0.8736728857472342,0.0150039188068725,1512,1217,com_0.8737_0.0558_0.0706
B,0.05575797529057851,0.0009567681117328855,872,713,com_0.8737_0.0558_0.0706
C,0.0705691389621873,0.001212192631130801,1462,1193,com_0.8737_0.0558_0.0706
medium,,,126,126,com_0.8737_0.0558_0.0706
A,0.3007793322244,0.013802794179028818,1512,1217,com_0.3008_0.2835_0.4157
B,0.2834924977317513,0.004104017997934594,872,713,com_0.3008_0.2835_0.4157
C,0.41572817004384865,0.019080627503246975,1462,1193,com_0.3008_0.2835_0.4157
medium,,,126,126,com_0.3008_0.2835_0.4157
A,0.02579166109117669,0.0010199168847030231,1512,1217,com_0.0258_0.4223_0.5519
B,0.42230924610578024,0.002756010336686459,872,713,com_0.0258_0.4223_0.5519
C,0.5518990928030431,0.021846772432179272,1462,1193,com_0.0258_0.4223_0.5519
medium,,,126,126,com_0.0258_0.4223_0.5519
A,0.45203355794337124,0.016665558680464213,1512,1217,com_0.452_0.1966_0.3514
B,0.19661139768605612,0.005916962906323048,872,713,com_0.452_0.1966_0.3514
C,0.3513550443705725,0.012951781466007338,1462,1193,com_0.452_0.1966_0.3514
medium,,,126,126,com_0.452_0.1966_0.3514
A,0.3060923733796907,0.03280795883366389,1512,1217,com_0.3061_0.5559_0.138
B,0.5559143406953768,0.0020942426340262855,872,713,com_0.3061_0.5559_0.138
C,0.1379932859249325,0.014790012227086943,1462,1193,com_0.3061_0.5559_0.138
medium,,,126,126,com_0.3061_0.5559_0.138
A,0.5928822711990154,0.02019640154502312,1512,1217,com_0.5929_0.3504_0.0567
B,0.35039381321090696,0.0033213289830774234,872,713,com_0.5929_0.3504_0.0567
C,0.05672391559007762,0.0019312196222545555,1462,1193,com_0.5929_0.3504_0.0567
medium,,,126,126,com_0.5929_0.3504_0.0567
A,0.06028876952684162,0.0024289321726168917,1512,1217,com_0.0603_0.3955_0.5442
B,0.39549580094424003,0.0029415863010649828,872,713,com_0.0603_0.3955_0.5442
C,0.5442154295289183,0.021935404390101193,1462,1193,com_0.0603_0.3955_0.5442
medium,,,126,126,com_0.0603_0.3955_0.5442
A,0.6914493934310764,0.017418876392043457,1512,1217,com_0.6914_0.1635_0.145
B,0.16351581467811566,0.004118152740815297,872,713,com_0.6914_0.1635_0.145
C,0.14503479189080787,0.0036525943922187587,1462,1193,com_0.6914_0.1635_0.145
medium,,,126,126,com_0.6914_0.1635_0.145
A,0.07164725334572722,0.005167706302856472,1512,1217,com_0.0716_0.5254_0.4029
B,0.5254058072721959,0.002214057972059507,872,713,com_0.0716_0.5254_0.4029
C,0.4029469393820769,0.02907051986332023,1462,1193,com_0.0716_0.5254_0.4029
medium,,,126,126,com_0.0716_0.5254_0.4029
A,0.1590681759830734,0.008091764245719665,1512,1217,com_0.1591_0.3803_0.4607
B,0.38026805473768954,0.0030590135524394724,872,713,com_0.1591_0.3803_0.4607
C,0.4606637692792372,0.023437963417403902,1462,1193,com_0.1591_0.3803_0.4607
medium,,,126,126,com_0.1591_0.3803_0.4607
A,0.5058335146339946,0.01916219514328561,1512,1217,com_0.5058_0.2429_0.2513
B,0.24289481768144724,0.0047885118984412845,872,713,com_0.5058_0.2429_0.2513
C,0.25127166768455816,0.009517279303732099,1462,1193,com_0.5058_0.2429_0.2513
medium,,,126,126,com_0.5058_0.2429_0.2513
A,0.5213400446919152,0.01906519201349276,1512,1217,com_0.5213_0.2365_0.2422
B,0.23647990039624917,0.004919904606773099,872,713,com_0.5213_0.2365_0.2422
C,0.24218005491183567,0.008854987158952695,1462,1193,com_0.5213_0.2365_0.2422
medium,,,126,126,com_0.5213_0.2365_0.2422
A,0.7426316053419939,0.01660429987175816,1512,1217,com_0.7426_0.0659_0.1915
B,0.06589404129141804,0.0014722747726217328,872,713,com_0.7426_0.0659_0.1915
C,0.191474353366588,0.004280029496603006,1462,1193,com_0.7426_0.0659_0.1915
medium,,,126,126,com_0.7426_0.0659_0.1915
A,0.5914985922484146,0.01975414172285901,1512,1217,com_0.5915_0.2991_0.1094
B,0.299128528343011,0.003889559658740174,872,713,com_0.5915_0.2991_0.1094
C,0.10937287940857443,0.0036515689227216356,1462,1193,com_0.5915_0.2991_0.1094
medium,,,126,126,com_0.5915_0.2991_0.1094
A,0.2692343889962074,0.010618935113666185,1512,1217,com_0.2692_0.2472_0.4836
B,0.24717995928969416,0.004707077910571133,872,713,com_0.2692_0.2472_0.4836
C,0.48358565171409845,0.01907610372244851,1462,1193,com_0.2692_0.2472_0.4836
medium,,,126,126,com_0.2692_0.2472_0.4836
A,0.23130160520239637,0.008210733875549794,1512,1217,com_0.2313_0.2331_0.5356
B,0.23310033748652614,0.004990998538912674,872,713,com_0.2313_0.2331_0.5356
C,0.5355980573110775,0.019015842899493873,1462,1193,com_0.2313_0.2331_0.5356
medium,,,126,126,com_0.2313_0.2331_0.5356
A,0.5135649924899418,0.01709864696196568,1512,1217,com_0.5136_0.1542_0.3323
B,0.15418055760316202,0.005131999611773793,872,713,com_0.5136_0.1542_0.3323
C,0.3322544499068963,0.011060459310159932,1462,1193,com_0.5136_0.1542_0.3323
medium,,,126,126,com_0.5136_0.1542_0.3323
A,0.15080586119322767,0.0033343998366765996,1512,1217,com_0.1508_0.0962_0.753
B,0.09622506357189228,0.0021272267070651806,872,713,com_0.1508_0.0962_0.753
C,0.75296907523488,0.01665389553507948,1462,1193,com_0.1508_0.0962_0.753
medium,,,126,126,com_0.1508_0.0962_0.753
A,0.353873561608854,0.01392551451871414,1512,1217,com_0.3539_0.2197_0.4264
B,0.2197238609315928,0.005295505342749425,872,713,com_0.3539_0.2197_0.4264
C,0.4264025774595532,0.016782233417374563,1462,1193,com_0.3539_0.2197_0.4264
medium,,,126,126,com_0.3539_0.2197_0.4264
A,0.38584035302165975,0.016806364911950603,1512,1217,com_0.3858_0.2557_0.3585
B,0.2556519552542357,0.004550940823907962,872,713,com_0.3858_0.2557_0.3585
C,0.3585076917241045,0.015618569204826968,1462,1193,com_0.3858_0.2557_0.3585
medium,,,126,126,com_0.3858_0.2557_0.3585
A,0.5951789744094174,0.016730639037138176,1512,1217,com_0.5952_0.0699_0.3349
B,0.06992068095598247,0.0019644063918382794,872,713,com_0.5952_0.0699_0.3349
C,0.33490034463460017,0.009412742383627286,1462,1193,com_0.5952_0.0699_0.3349
medium,,,126,126,com_0.5952_0.0699_0.3349
A,0.1955343765776043,0.0039209509700196985,1512,1217,com_0.1955_0.0158_0.7887
B,0.01580603192906311,0.000316031119245743,872,713,com_0.1955_0.0158_0.7887
C,0.7886595914933326,0.015818906049345362,1462,1193,com_0.1955_0.0158_0.7887
medium,,,126,126,com_0.1955_0.0158_0.7887
A,0.21796107142246546,0.053697918851154915,1512,1217,com_0.218_0.7428_0.0392
B,0.7428199864647225,0.0015669092852241058,872,713,com_0.218_0.7428_0.0392
C,0.03921894211281211,0.00966134372169074,1462,1193,com_0.218_0.7428_0.0392
medium,,,126,126,com_0.218_0.7428_0.0392
A,0.6356715221052956,0.017996571602936957,1512,1217,com_0.6357_0.2028_0.1616
B,0.2027584521794804,0.005257275081978943,872,713,com_0.6357_0.2028_0.1616
C,0.16157002571522389,0.004589606638055388,1462,1193,com_0.6357_0.2028_0.1616
medium,,,126,126,com_0.6357_0.2028_0.1616
A,0.584954477224833,0.019643657171587794,1512,1217,com_0.585_0.2821_0.1329
B,0.28211239323490506,0.004124212646610963,872,713,com_0.585_0.2821_0.1329
C,0.132933129540262,0.004462929406729311,1462,1193,com_0.585_0.2821_0.1329
medium,,,126,126,com_0.585_0.2821_0.1329
A,0.16629731062905886,0.004618611403791033,1512,1217,com_0.1663_0.1914_0.6423
B,0.1913559158111085,0.005314720065609339,872,713,com_0.1663_0.1914_0.6423
C,0.6423467735598326,0.017844476808042763,1462,1193,com_0.1663_0.1914_0.6423
medium,,,126,126,com_0.1663_0.1914_0.6423
A,0.09355658574516676,0.02193335768535322,1512,1217,com_0.0936_0.6996_0.2069
B,0.699592608726384,0.0016635113211778563,872,713,com_0.0936_0.6996_0.2069
C,0.2068508055284493,0.048496874714876306,1462,1193,com_0.0936_0.6996_0.2069
medium,,,126,126,com_0.0936_0.6996_0.2069
A,0.3311024256490695,0.010849494051450304,1512,1217,com_0.3311_0.1462_0.5227
B,0.14616315329392057,0.0047888846415554236,872,713,com_0.3311_0.1462_0.5227
C,0.52273442105701,0.01713136775768926,1462,1193,com_0.3311_0.1462_0.5227
medium,,,126,126,com_0.3311_0.1462_0.5227
A,0.11228889869777182,0.011256105626390433,1512,1217,com_0.1123_0.5592_0.3285
B,0.5591920776414395,0.0020801321524735426,872,713,com_0.1123_0.5592_0.3285
C,0.3285190236607887,0.032936536335339946,1462,1193,com_0.1123_0.5592_0.3285
medium,,,126,126,com_0.1123_0.5592_0.3285
A,0.3568410092106928,0.010635771055723523,1512,1217,com_0.3568_0.0868_0.5564
B,0.08678211538093407,0.002585814490582884,872,713,com_0.3568_0.0868_0.5564
C,0.5563768754083731,0.016585387644973304,1462,1193,com_0.3568_0.0868_0.5564
medium,,,126,126,com_0.3568_0.0868_0.5564
A,0.4294765649514772,0.012996588982500798,1512,1217,com_0.4295_0.0725_0.498
B,0.07250337435647942,0.0021932269663006757,872,713,com_0.4295_0.0725_0.498
C,0.49802006069204335,0.0150730095603602,1462,1193,com_0.4295_0.0725_0.498
medium,,,126,126,com_0.4295_0.0725_0.498
A,0.15010495262978707,0.00486737329360898,1512,1217,com_0.1501_0.2583_0.5916
B,0.2582522222528797,0.004505041541476302,872,713,com_0.1501_0.2583_0.5916
C,0.5916428251173333,0.019189540674077493,1462,1193,com_0.1501_0.2583_0.5916
medium,,,126,126,com_0.1501_0.2583_0.5916
A,0.10832111874500486,0.027486095051359176,1512,1217,com_0.1083_0.7022_0.1894
B,0.7022440802088663,0.0016577050074346174,872,713,com_0.1083_0.7022_0.1894
C,0.18943480104612875,0.04806914959508976,1462,1193,com_0.1083_0.7022_0.1894
medium,,,126,126,com_0.1083_0.7022_0.1894
A,0.4054548809599211,0.021120423375235085,1512,1217,com_0.4055_0.3346_0.26
B,0.3345521407761896,0.0034774812279107633,872,713,com_0.4055_0.3346_0.26
C,0.25999297826388934,0.013541251663222861,1462,1193,com_0.4055_0.3346_0.26
medium,,,126,126,com_0.4055_0.3346_0.26
A,0.27038692006125287,0.014438779802877505,1512,1217,com_0.2704_0.3383_0.3914
B,0.3382575098532067,0.0034393767704136466,872,713,com_0.2704_0.3383_0.3914
C,0.39135557008554045,0.020901595089715393,1462,1193,com_0.2704_0.3383_0.3914
medium,,,126,126,com_0.2704_0.3383_0.3914
A,0.30060530712451555,0.008331619574128719,1512,1217,com_0.3006_0.0823_0.6171
B,0.08233114569755076,0.0022811756661098425,872,713,com_0.3006_0.0823_0.6171
C,0.6170635471779337,0.01710531608222966,1462,1193,com_0.3006_0.0823_0.6171
medium,,,126,126,com_0.3006_0.0823_0.6171
A,0.6256674408814369,0.018069821671067854,1512,1217,com_0.6257_0.2093_0.1651
B,0.20925948810187917,0.005519092757575688,872,713,com_0.6257_0.2093_0.1651
C,0.16507307101668395,0.004766290904249208,1462,1193,com_0.6257_0.2093_0.1651
medium,,,126,126,com_0.6257_0.2093_0.1651
A,0.0678721017846277,0.004200059747121506,1512,1217,com_0.0679_0.4955_0.4366
B,0.4955310232039269,0.002347400519169167,872,713,com_0.0679_0.4955_0.4366
C,0.4365968750114454,0.027025230586243534,1462,1193,com_0.0679_0.4955_0.4366
medium,,,126,126,com_0.0679_0.4955_0.4366
A,0.25319831592945535,0.012387974423244904,1512,1217,com_0.2532_0.3192_0.4276
B,0.31919348450063134,0.0036449096136852896,872,713,com_0.2532_0.3192_0.4276
C,0.42760819956991336,0.020924206390868852,1462,1193,com_0.2532_0.3192_0.4276
medium,,,126,126,com_0.2532_0.3192_0.4276
A,0.48124757756538944,0.01521984172968758,1512,1217,com_0.4812_0.097_0.4217
B,0.09704860056587503,0.0030684417148427717,872,713,com_0.4812_0.097_0.4217
C,0.4217038218687356,0.013339001580707487,1462,1193,com_0.4812_0.097_0.4217
medium,,,126,126,com_0.4812_0.097_0.4217
A,0.5509020823975825,0.016728267028633535,1512,1217,com_0.5509_0.0982_0.3509
B,0.09815098865702591,0.002979227569555685,872,713,com_0.5509_0.0982_0.3509
C,0.35094692894539153,0.010655048679431869,1462,1193,com_0.5509_0.0982_0.3509
medium,,,126,126,com_0.5509_0.0982_0.3509
A,0.4571263599953674,0.015131549191466117,1512,1217,com_0.4571_0.1234_0.4195
B,0.12335083241110455,0.004082362287620193,872,713,com_0.4571_0.1234_0.4195
C,0.41952280759352795,0.013889149742827872,1462,1193,com_0.4571_0.1234_0.4195
medium,,,126,126,com_0.4571_0.1234_0.4195
A,0.3401325510115208,0.021841095154141118,1512,1217,com_0.3401_0.3906_0.2693
B,0.39059702329794616,0.0029783453865771677,872,713,com_0.3401_0.3906_0.2693
C,0.2692704256905331,0.017288224721278205,1462,1193,com_0.3401_0.3906_0.2693
medium,,,126,126,com_0.3401_0.3906_0.2693
A,0.11746073518107276,0.0102215410919125,1512,1217,com_0.1175_0.5289_0.3536
B,0.5289173744384186,0.002199254044987107,872,713,com_0.1175_0.5289_0.3536
C,0.3536218903805087,0.030777377684212376,1462,1193,com_0.1175_0.5289_0.3536
medium,,,126,126,com_0.1175_0.5289_0.3536
A,0.42153402093614156,0.022371724709979616,1512,1217,com_0.4215_0.3548_0.2236
B,0.3548438788260965,0.00327857792279225,872,713,com_0.4215_0.3548_0.2236
C,0.22362210023776186,0.0118663651843225,1462,1193,com_0.4215_0.3548_0.2236
medium,,,126,126,com_0.4215_0.3548_0.2236
A,0.5377554110787346,0.022426608489249284,1512,1217,com_0.5378_0.4403_0.022
B,0.44028668151585815,0.002641590988002545,872,713,com_0.5378_0.4403_0.022
C,0.021957907405407262,0.0009548665662218123,1462,1193,com_0.5378_0.4403_0.022
medium,,,126,126,com_0.5378_0.4403_0.022
A,0.1444375141014501,0.008238569587445047,1512,1217,com_0.1444_0.4186_0.437
B,0.41856966939992707,0.00277906107843497,872,713,com_0.1444_0.4186_0.437
C,0.43699281649862287,0.0249299720385285,1462,1193,com_0.1444_0.4186_0.437
medium,,,126,126,com_0.1444_0.4186_0.437
A,0.09206096820634016,0.0038248921764050653,1512,1217,com_0.0921_0.3766_0.5313
B,0.37663045245395316,0.003088904726630211,872,713,com_0.0921_0.3766_0.5313
C,0.5313085793397067,0.022081158630953727,1462,1193,com_0.0921_0.3766_0.5313
medium,,,126,126,com_0.0921_0.3766_0.5313
A,0.5715263203815613,0.01769544774509796,1512,1217,com_0.5715_0.1455_0.283
B,0.14551667512823327,0.004504252272566167,872,713,com_0.5715_0.1455_0.283
C,0.28295700449020544,0.008759457772599602,1462,1193,com_0.5715_0.1455_0.283
medium,,,126,126,com_0.5715_0.1455_0.283
A,0.2901859829528967,0.01785789836499049,1512,1217,com_0.2902_0.3749_0.3349
B,0.374948482467471,0.003103105612315402,872,713,com_0.2902_0.3749_0.3349
C,0.3348655345796324,0.020610635136986463,1462,1193,com_0.2902_0.3749_0.3349
medium,,,126,126,com_0.2902_0.3749_0.3349
A,0.4433729125076164,0.02417338521520799,1512,1217,com_0.4434_0.3983_0.1583
B,0.3983155855090971,0.002920714698745802,872,713,com_0.4434_0.3983_0.1583
C,0.1583115019832865,0.008629931960868835,1462,1193,com_0.4434_0.3983_0.1583
medium,,,126,126,com_0.4434_0.3983_0.1583
A,0.2604249215660696,0.010998968914840094,1512,1217,com_0.2604_0.2724_0.4672
B,0.2723909892786974,0.004271180137801888,872,713,com_0.2604_0.2724_0.4672
C,0.46718408915523296,0.01973434348068687,1462,1193,com_0.2604_0.2724_0.4672
medium,,,126,126,com_0.2604_0.2724_0.4672
A,0.7854646056573065,0.0159998828319603,1512,1217,com_0.7855_0.1754_0.0392
B,0.17537796919723492,0.003566100719315912,872,713,com_0.7855_0.1754_0.0392
C,0.03915742514545866,0.0013823477149868496,1462,1193,com_0.7855_0.1754_0.0392
medium,,,126,126,com_0.7855_0.1754_0.0392
A,0.4561246115297521,0.025949886160639056,1512,1217,com_0.4561_0.4779_0.066
B,0.47792438446543917,0.0024347984908730546,872,713,com_0.4561_0.4779_0.066
C,0.06595100400480879,0.0037509143891907492,1462,1193,com_0.4561_0.4779_0.066
medium,,,126,126,com_0.4561_0.4779_0.066
A,0.5180281884513124,0.018783346987372246,1512,1217,com_0.518_0.2272_0.2548
B,0.22717670796263562,0.005121585006027319,872,713,com_0.518_0.2272_0.2548
C,0.25479510358605206,0.009237225586393632,1462,1193,com_0.518_0.2272_0.2548
medium,,,126,126,com_0.518_0.2272_0.2548
A,0.22157744062457715,0.008196237539792942,1512,1217,com_0.2216_0.2516_0.5268
B,0.25160589606990175,0.004623930640784291,872,713,com_0.2216_0.2516_0.5268
C,0.5268166633055211,0.019490458541531138,1462,1193,com_0.2216_0.2516_0.5268
medium,,,126,126,com_0.2216_0.2516_0.5268
A,0.5293358588662338,0.014620657951828079,1512,1217,com_0.5293_0.0248_0.4459
B,0.024751315759190328,0.0006826073698797716,872,713,com_0.5293_0.0248_0.4459
C,0.445912825374576,0.0123146803749077,1462,1193,com_0.5293_0.0248_0.4459
medium,,,126,126,com_0.5293_0.0248_0.4459
A,0.4108823147720027,0.015195554680517922,1512,1217,com_0.4109_0.1912_0.3979
B,0.19120341466696997,0.005999565041528705,872,713,com_0.4109_0.1912_0.3979
C,0.3979142705610273,0.01471846152318835,1462,1193,com_0.4109_0.1912_0.3979
medium,,,126,126,com_0.4109_0.1912_0.3979
A,0.0168182329886008,0.0021126792722493447,1512,1217,com_0.0168_0.6736_0.3096
B,0.6735694388333596,0.001727692051654324,872,713,com_0.0168_0.6736_0.3096
C,0.30961232817803974,0.03891368233664301,1462,1193,com_0.0168_0.6736_0.3096
medium,,,126,126,com_0.0168_0.6736_0.3096
A,0.22071835983028834,0.012018960995031807,1512,1217,com_0.2207_0.3631_0.4161
B,0.36313883758565557,0.0032031473626293852,872,713,com_0.2207_0.3631_0.4161
C,0.41614280258405606,0.022663891477286684,1462,1193,com_0.2207_0.3631_0.4161
medium,,,126,126,com_0.2207_0.3631_0.4161
A,0.5652472344787072,0.01613705718494768,1512,1217,com_0.5652_0.0592_0.3756
B,0.05919643090933539,0.0016888964195338368,872,713,com_0.5652_0.0592_0.3756
C,0.37555633461195753,0.010720107547407143,1462,1193,com_0.5652_0.0592_0.3756
medium,,,126,126,com_0.5652_0.0592_0.3756
A,0.39933409854265717,0.025576880990616984,1512,1217,com_0.3993_0.4298_0.1709
B,0.42976650683720247,0.0027068694106160227,872,713,com_0.3993_0.4298_0.1709
C,0.17089939462014045,0.010944248008277752,1462,1193,com_0.3993_0.4298_0.1709
medium,,,126,126,com_0.3993_0.4298_0.1709
A,0.36250968411942547,0.01266786141872261,1512,1217,com_0.3625_0.1696_0.4679
B,0.16962554126915097,0.005922985194100062,872,713,com_0.3625_0.1696_0.4679
C,0.46786477461142356,0.01635193818500403,1462,1193,com_0.3625_0.1696_0.4679
medium,,,126,126,com_0.3625_0.1696_0.4679
A,0.42080088700780477,0.012192002969013757,1512,1217,com_0.4208_0.0526_0.5266
B,0.05255471810415534,0.0015218101173853774,872,713,com_0.4208_0.0526_0.5266
C,0.5266443948880399,0.01526081735001638,1462,1193,com_0.4208_0.0526_0.5266
medium,,,126,126,com_0.4208_0.0526_0.5266
A,0.2172323592912967,0.017235202048340257,1512,1217,com_0.2172_0.4586_0.3242
B,0.45857045665983664,0.0025367121252522803,872,713,com_0.2172_0.4586_0.3242
C,0.3241971840488667,0.02572540247988617,1462,1193,com_0.2172_0.4586_0.3242
medium,,,126,126,com_0.2172_0.4586_0.3242
A,0.20390354315972578,0.01570735960104351,1512,1217,com_0.2039_0.4566_0.3395
B,0.4565698105723748,0.002547503355564513,872,713,com_0.2039_0.4566_0.3395
C,0.33952664626789936,0.026158502082160737,1462,1193,com_0.2039_0.4566_0.3395
medium,,,126,126,com_0.2039_0.4566_0.3395
A,0.4642464628479775,0.01471556346577614,1512,1217,com_0.4642_0.0963_0.4394
B,0.09632563502035307,0.003052512379207388,872,713,com_0.4642_0.0963_0.4394
C,0.43942790213166943,0.013931123565437733,1462,1193,com_0.4642_0.0963_0.4394
medium,,,126,126,com_0.4642_0.0963_0.4394
A,0.30512163863424246,0.009340170146783762,1512,1217,com_0.3051_0.1259_0.569
B,0.12586744808055067,0.0038523787828058306,872,713,com_0.3051_0.1259_0.569
C,0.5690109132852069,0.017420809594780984,1462,1193,com_0.3051_0.1259_0.569
medium,,,126,126,com_0.3051_0.1259_0.569
A,0.3053757378636964,0.015189270043639172,1512,1217,com_0.3054_0.3078_0.3869
B,0.30775392451095207,0.003780280606305993,872,713,com_0.3054_0.3078_0.3869
C,0.3868703376253516,0.019245665590979035,1462,1193,com_0.3054_0.3078_0.3869
medium,,,126,126,com_0.3054_0.3078_0.3869
A,0.3918586364440268,0.0139030523975033,1512,1217,com_0.3919_0.1714_0.4368
B,0.17135411330821199,0.006007387101145956,872,713,com_0.3919_0.1714_0.4368
C,0.43678725024776127,0.015499505160240352,1462,1193,com_0.3919_0.1714_0.4368
medium,,,126,126,com_0.3919_0.1714_0.4368
A,0.6738723737374366,0.017597818684181914,1512,1217,com_0.6739_0.1656_0.1605
B,0.16558720403183202,0.004323098021640499,872,713,com_0.6739_0.1656_0.1605
C,0.1605404222307314,0.004191307780702207,1462,1193,com_0.6739_0.1656_0.1605
medium,,,126,126,com_0.6739_0.1656_0.1605
A,0.5866541046490201,0.019925599965939834,1512,1217,com_0.5867_0.3055_0.1078
B,0.3055236332201927,0.0038073400125724372,872,713,com_0.5867_0.3055_0.1078
C,0.10782226213078722,0.0036610298771067415,1462,1193,com_0.5867_0.3055_0.1078
medium,,,126,126,com_0.5867_0.3055_0.1078
A,0.3173207027280001,0.026224271372355272,1512,1217,com_0.3173_0.4693_0.2134
B,0.46932683069666975,0.002480431868965662,872,713,com_0.3173_0.4693_0.2134
C,0.21335246657533016,0.01763171758135147,1462,1193,com_0.3173_0.4693_0.2134
medium,,,126,126,com_0.3173_0.4693_0.2134
A,0.47636341795568526,0.017571456686601827,1512,1217,com_0.4764_0.2062_0.3174
B,0.20621326763834016,0.005629872407914478,872,713,com_0.4764_0.2062_0.3174
C,0.3174233144059746,0.011706935704474177,1462,1193,com_0.4764_0.2062_0.3174
medium,,,126,126,com_0.4764_0.2062_0.3174
A,0.44859340981773654,0.02399528231660791,1512,1217,com_0.4486_0.3943_0.1571
B,0.39430682495901437,0.0029503836012154637,872,713,com_0.4486_0.3943_0.1571
C,0.15709976522324912,0.008401832924446451,1462,1193,com_0.4486_0.3943_0.1571
medium,,,126,126,com_0.4486_0.3943_0.1571
A,0.3295396354813253,0.022654338727752157,1512,1217,com_0.3295_0.4112_0.2592
B,0.41124067201358505,0.002828635352682171,872,713,com_0.3295_0.4112_0.2592
C,0.2592196925050896,0.01781753311180356,1462,1193,com_0.3295_0.4112_0.2592
medium,,,126,126,com_0.3295_0.4112_0.2592
A,0.2669220498281725,0.020375272987399228,1512,1217,com_0.2669_0.438_0.295
B,0.43804546129246774,0.0026556822323915005,872,713,com_0.2669_0.438_0.295
C,0.29503248887935973,0.02252459967787433,1462,1193,com_0.2669_0.438_0.295
medium,,,126,126,com_0.2669_0.438_0.295
A,0.3029374814607045,0.007696982618678331,1512,1217,com_0.3029_0.0431_0.654
B,0.0430779799319044,0.0010936601152306338,872,713,com_0.3029_0.0431_0.654
C,0.6539845386073911,0.01661903308826382,1462,1193,com_0.3029_0.0431_0.654
medium,,,126,126,com_0.3029_0.0431_0.654
A,0.4311524796249158,0.014170173412430417,1512,1217,com_0.4312_0.118_0.4508
B,0.11804970025336875,0.0038790722549099568,872,713,com_0.4312_0.118_0.4508
C,0.45079782012171543,0.014818126587073918,1462,1193,com_0.4312_0.118_0.4508
medium,,,126,126,com_0.4312_0.118_0.4508
A,0.3192328515317853,0.023228611789560344,1512,1217,com_0.3192_0.4275_0.2533
B,0.42746492072049663,0.0027225163245736634,872,713,com_0.3192_0.4275_0.2533
C,0.253302227747718,0.018429730058729353,1462,1193,com_0.3192_0.4275_0.2533
medium,,,126,126,com_0.3192_0.4275_0.2533
A,0.22292870137226198,0.014651889239634341,1512,1217,com_0.2229_0.4108_0.3663
B,0.4108151769094905,0.0028317061915134347,872,713,com_0.2229_0.4108_0.3663
C,0.3662561217182476,0.0240754292976002,1462,1193,com_0.2229_0.4108_0.3663
medium,,,126,126,com_0.2229_0.4108_0.3663
A,0.37698427131457424,0.020947534231733515,1512,1217,com_0.377_0.3485_0.2745
B,0.3484894960464475,0.003338440296552883,872,713,com_0.377_0.3485_0.2745
C,0.27452623263897824,0.015252114667771493,1462,1193,com_0.377_0.3485_0.2745
medium,,,126,126,com_0.377_0.3485_0.2745
A,0.1653825557991973,0.004101534496977751,1512,1217,com_0.1654_0.1359_0.6987
B,0.13589419624246563,0.003370036475518228,872,713,com_0.1654_0.1359_0.6987
C,0.6987232479583371,0.017333210628964,1462,1193,com_0.1654_0.1359_0.6987
medium,,,126,126,com_0.1654_0.1359_0.6987
A,0.36086757383045925,0.021036196984233167,1512,1217,com_0.3609_0.3615_0.2777
B,0.3614783545277437,0.0032169239568035518,872,713,com_0.3609_0.3615_0.2777
C,0.277654071641797,0.01618300826897355,1462,1193,com_0.3609_0.3615_0.2777
medium,,,126,126,com_0.3609_0.3615_0.2777
A,0.3010414550701748,0.02034280577729589,1512,1217,com_0.301_0.402_0.297
B,0.40200084971413824,0.0028939398498208702,872,713,com_0.301_0.402_0.297
C,0.29695769521568693,0.020070245190159416,1462,1193,com_0.301_0.402_0.297
medium,,,126,126,com_0.301_0.402_0.297
A,0.14098164381925454,0.011051733464002466,1512,1217,com_0.141_0.4926_0.3664
B,0.49260416017481207,0.0023608245735350364,872,713,com_0.141_0.4926_0.3664
C,0.36641419600593345,0.02872804722563003,1462,1193,com_0.141_0.4926_0.3664
medium,,,126,126,com_0.141_0.4926_0.3664
A,0.42185459495422517,0.022567232517438567,1512,1217,com_0.4219_0.3592_0.2189
B,0.35920320876450584,0.003238729866971161,872,713,com_0.4219_0.3592_0.2189
C,0.21894219628126885,0.011710647989856476,1462,1193,com_0.4219_0.3592_0.2189
medium,,,126,126,com_0.4219_0.3592_0.2189
A,0.3058722629315764,0.02730446628235743,1512,1217,com_0.3059_0.4897_0.2045
B,0.489664574019929,0.002377036378551034,872,713,com_0.3059_0.4897_0.2045
C,0.20446316304849452,0.018251593259409525,1462,1193,com_0.3059_0.4897_0.2045
medium,,,126,126,com_0.3059_0.4897_0.2045
A,0.5152726787630223,0.017000920019742558,1512,1217,com_0.5153_0.1461_0.3387
B,0.14606855795689677,0.0048181157957626,872,713,com_0.5153_0.1461_0.3387
C,0.338658763280081,0.011172080770704869,1462,1193,com_0.5153_0.1461_0.3387
medium,,,126,126,com_0.5153_0.1461_0.3387
A,0.3331580461718902,0.01364747309899906,1512,1217,com_0.3332_0.2379_0.4289
B,0.23792899985439067,0.004890184493717161,872,713,com_0.3332_0.2379_0.4289
C,0.42891295397371915,0.017572623152949707,1462,1193,com_0.3332_0.2379_0.4289
medium,,,126,126,com_0.3332_0.2379_0.4289
A,0.5214444910726815,0.0193111147490831,1512,1217,com_0.5214_0.2453_0.2332
B,0.24532011854250108,0.004742653083166649,872,713,com_0.5214_0.2453_0.2332
C,0.23323539038481741,0.008636190510861745,1462,1193,com_0.5214_0.2453_0.2332
medium,,,126,126,com_0.5214_0.2453_0.2332
A,0.37357882295689565,0.01002189217568748,1512,1217,com_0.3736_0.0321_0.5943
B,0.03213996286242114,0.0008612956187710336,872,713,com_0.3736_0.0321_0.5943
C,0.5942812141806832,0.015944907841388068,1462,1193,com_0.3736_0.0321_0.5943
medium,,,126,126,com_0.3736_0.0321_0.5943
A,0.3272245086919415,0.02774845981958997,1512,1217,com_0.3272_0.4846_0.1882
B,0.48456374586965556,0.0024017071742299776,872,713,com_0.3272_0.4846_0.1882
C,0.18821174543840294,0.01595889523767029,1462,1193,com_0.3272_0.4846_0.1882
medium,,,126,126,com_0.3272_0.4846_0.1882
A,0.007611090587517995,0.0007248447786919836,1512,1217,com_0.0076_0.6365_0.3559
B,0.6365157577442042,0.0018278385988026136,872,713,com_0.0076_0.6365_0.3559
C,0.35587315166827777,0.03394030400307492,1462,1193,com_0.0076_0.6365_0.3559
medium,,,126,126,com_0.0076_0.6365_0.3559
A,0.5148532229900176,0.02319212732635216,1512,1217,com_0.5149_0.4288_0.0564
B,0.4287514074597722,0.002714072624426816,872,713,com_0.5149_0.4288_0.0564
C,0.05639536955021025,0.0025392851537581296,1462,1193,com_0.5149_0.4288_0.0564
medium,,,126,126,com_0.5149_0.4288_0.0564
A,0.13224979837170134,0.00464688924739036,1512,1217,com_0.1322_0.2965_0.5713
B,0.2964929239084726,0.003924040647482342,872,713,com_0.1322_0.2965_0.5713
C,0.5712572777198262,0.020077481513960983,1462,1193,com_0.1322_0.2965_0.5713
medium,,,126,126,com_0.1322_0.2965_0.5713
A,0.5652652001553947,0.020970950947183015,1512,1217,com_0.5653_0.356_0.0787
B,0.356011869279683,0.003267955488660304,872,713,com_0.5653_0.356_0.0787
C,0.07872293056492231,0.0029194563210148843,1462,1193,com_0.5653_0.356_0.0787
medium,,,126,126,com_0.5653_0.356_0.0787
A,0.08299382773807375,0.00542518348967362,1512,1217,com_0.083_0.4952_0.4218
B,0.49518837966245466,0.002349366772931445,872,713,com_0.083_0.4952_0.4218
C,0.4218177925994716,0.02758008841439706,1462,1193,com_0.083_0.4952_0.4218
medium,,,126,126,com_0.083_0.4952_0.4218
A,0.31076301051389144,0.024947072836085476,1512,1217,com_0.3108_0.457_0.2323
B,0.4569764282875046,0.0025478501181127006,872,713,com_0.3108_0.457_0.2323
C,0.23226056119860394,0.018644891569173653,1462,1193,com_0.3108_0.457_0.2323
medium,,,126,126,com_0.3108_0.457_0.2323
A,0.40054298481991574,0.015179769493487484,1512,1217,com_0.4005_0.2015_0.398
B,0.2014729352366921,0.005775147073690545,872,713,com_0.4005_0.2015_0.398
C,0.3979840799433922,0.015085331732056676,1462,1193,com_0.4005_0.2015_0.398
medium,,,126,126,com_0.4005_0.2015_0.398
A,0.5786727805624182,0.018628813096286723,1512,1217,com_0.5787_0.22_0.2013
B,0.22004291851119515,0.00528711112258788,872,713,com_0.5787_0.22_0.2013
C,0.20128430092638666,0.0064785452382147375,1462,1193,com_0.5787_0.22_0.2013
medium,,,126,126,com_0.5787_0.22_0.2013
A,0.005827798287510991,8.635316531796798e-05,1512,1217,com_0.0058_0.0557_0.9384
B,0.05573498263332166,0.0008344144927630687,872,713,com_0.0058_0.0557_0.9384
C,0.9384372190791673,0.01406636298056971,1462,1193,com_0.0058_0.0557_0.9384
medium,,,126,126,com_0.0058_0.0557_0.9384
A,0.07495332612142964,0.004307310940104972,1512,1217,com_0.075_0.4727_0.4523
B,0.47271335604692194,0.0024608921788199143,872,713,com_0.075_0.4727_0.4523
C,0.45233331783164843,0.02600132145522605,1462,1193,com_0.075_0.4727_0.4523
medium,,,126,126,com_0.075_0.4727_0.4523
A,0.3452805622240826,0.011916952478168322,1512,1217,com_0.3453_0.1689_0.4859
B,0.16885259980865028,0.005827237899781742,872,713,com_0.3453_0.1689_0.4859
C,0.48586683796726715,0.01677161503248366,1462,1193,com_0.3453_0.1689_0.4859
medium,,,126,126,com_0.3453_0.1689_0.4859
A,0.24924759889905138,0.014953949898193965,1512,1217,com_0.2492_0.3776_0.3732
B,0.3775652147604022,0.003081212480052617,872,713,com_0.2492_0.3776_0.3732
C,0.37318718634054643,0.022393086987141105,1462,1193,com_0.2492_0.3776_0.3732
medium,,,126,126,com_0.2492_0.3776_0.3732
A,0.1993742325251616,0.004857958034795459,1512,1217,com_0.1994_0.0976_0.7031
B,0.0975586926075101,0.0023766071143315284,872,713,com_0.1994_0.0976_0.7031
C,0.7030670748673283,0.017134919237544344,1462,1193,com_0.1994_0.0976_0.7031
medium,,,126,126,com_0.1994_0.0976_0.7031
A,0.4745785977427967,0.016764592745978486,1512,1217,com_0.4746_0.1826_0.3428
B,0.18263063278861472,0.006247602331719952,872,713,com_0.4746_0.1826_0.3428
C,0.3427907694685886,0.012107348766507075,1462,1193,com_0.4746_0.1826_0.3428
medium,,,126,126,com_0.4746_0.1826_0.3428
A,0.09022556269772179,0.0039307878269778974,1512,1217,com_0.0902_0.391_0.5188
B,0.3909774316400026,0.0029756368893002704,872,713,com_0.0902_0.391_0.5188
C,0.5187970056622756,0.0226087339443834,1462,1193,com_0.0902_0.391_0.5188
medium,,,126,126,com_0.0902_0.391_0.5188
A,0.5739130573913058,0.01967265854735779,1512,1217,com_0.5739_0.2739_0.1522
B,0.2739130273913028,0.004247408071033382,872,713,com_0.5739_0.2739_0.1522
C,0.15217391521739154,0.005215032193976455,1462,1193,com_0.5739_0.2739_0.1522
medium,,,126,126,com_0.5739_0.2739_0.1522
