Genes,lb,mle,ub,ce,Z,cZ,p_value
PAH,2.272197022,3.453739473,4.029362718,2.272197022,2.68590612,0.852394181,0.00361667
DGKA,-2.241901061,3.332555632,3.938474837,0,1.096741229,0,0.136377264
PIP5K1C,1.242134372,3.12048391,3.726403115,1.242134372,2.331310481,0.434500853,0.009868497
SLC27A1,-0.878582848,3.090187949,3.605219274,0,0.648136919,0,0.258448199
GSTA1,0.424143444,2.938708148,3.574923314,0.424143444,2.451588598,0.567292571,0.007111358
SLC17A5,0.272663643,1.09065457,1.757165697,0.272663643,2.739091087,0.923374118,0.003080465
CYP4F11,0.181775762,0.908878809,1.635981855,0.181775762,2.524063522,0.68039287,0.005800348
INPP5J,0.060591921,0.878582848,3.15077987,0.060591921,2.150922674,0.216264235,0.015741152
ADCY1,-0.060591921,0.787694967,1.484502054,0,1.831001957,0,0.033550126
FOLR1,-0.03029596,0.757399007,1.454206094,0,1.93960264,0,0.026214
ELOVL6,-0.060591921,0.757399007,1.363318213,0,1.869562257,0,0.030772315
SLC4A10,-0.151479801,0.727103047,1.454206094,0,1.648465379,0,0.049628605
ADCY9,-0.060591921,0.666511126,1.242134372,0,1.810901769,0,0.035078029
ELOVL2,-0.242367682,0.666511126,1.787461657,0,1.479541771,0,0.069497788
RRM2B,-0.121183841,0.636215166,1.151246491,0,1.750522841,0,0.040014068
QPRT,-0.424143444,0.636215166,1.393614173,0,1.17726301,0,0.119545273
SLC26A11,-0.212071722,0.575623245,1.272430332,0,1.468667787,0,0.070961459
GNE,-0.302959603,0.575623245,1.817757617,0,1.384313635,0,0.08313122
MT-ND4L,-0.302959603,0.575623245,1.726869736,0,1.32851464,0,0.092004075
GAD1,-2.787228346,0.575623245,1.454206094,0,1.042115017,0,0.148679178
ACOX3,-0.212071722,0.545327285,3.423443512,0,1.587437098,0,0.056206841
INPP5E,-0.242367682,0.545327285,1.423910133,0,1.441509304,0,0.074720425
ACSL1,-0.212071722,0.545327285,1.181542451,0,1.42336237,0,0.077315568
GBE1,-0.393847484,0.545327285,1.181542451,0,1.182362251,0,0.118530997
MTMR1,-0.181775762,0.515031325,1.09065457,0,1.472567344,0,0.070433868
GPAM,-0.212071722,0.515031325,1.211838411,0,1.435170774,0,0.07561922
CA2,-2.423676823,0.515031325,1.393614173,0,1.158053568,0,0.123421088
RBKS,-3.393147552,0.515031325,1.181542451,0,0.126045401,0,0.449847993
MT-CO1,-0.121183841,0.484735365,0.999766689,0,1.549497685,0,0.060631064
SCD5,-0.212071722,0.484735365,3.362851592,0,1.462040967,0,0.071864992
GYG2,-0.242367682,0.484735365,1.211838411,0,1.303421378,0,0.096215471
SLC43A2,-0.272663643,0.484735365,1.211838411,0,1.24943425,0,0.105753144
IMPA1,-0.333255563,0.484735365,1.211838411,0,1.191132382,0,0.11680081
AK3,-0.060591921,0.454439404,0.939174769,0,1.745193576,0,0.04047559
MT-CO2,-0.181775762,0.454439404,1.302726292,0,1.402315353,0,0.080410549
B3GNT3,-0.272663643,0.454439404,1.151246491,0,1.23386769,0,0.108626105
SLC35D1,-0.272663643,0.454439404,1.151246491,0,1.212640141,0,0.112633717
PCCA,-0.393847484,0.454439404,1.211838411,0,1.090192296,0,0.137814223
SLC16A3,-0.212071722,0.424143444,1.09065457,0,1.334202425,0,0.091068762
ASL,-0.242367682,0.424143444,0.999766689,0,1.247624291,0,0.106084339
IPMK,-0.302959603,0.424143444,1.120950531,0,1.198143885,0,0.115430503
PIP5K1B,-0.333255563,0.424143444,1.120950531,0,1.146414756,0,0.12581179
SULT1A2,-0.363551523,0.424143444,1.181542451,0,1.108075211,0,0.133914668
DNMT3A,-0.363551523,0.424143444,1.120950531,0,1.060789976,0,0.144392679
ALOX15,-0.393847484,0.424143444,1.151246491,0,0.997504072,0,0.159259949
SLC35B4,-0.484735365,0.424143444,1.151246491,0,0.99045881,0,0.160974956
CERK,-2.938708148,0.424143444,1.302726292,0,0.743353023,0,0.228633989
DMGDH,-3.21137179,0.424143444,1.454206094,0,0.082845329,0,0.466987263
MT-ND1,-0.121183841,0.393847484,0.817990928,0,1.505006639,0,0.066161185
MT-CO3,-0.151479801,0.393847484,0.878582848,0,1.383366961,0,0.083276188
MT-CYB,-0.212071722,0.393847484,0.848286888,0,1.253839368,0,0.104950198
INPPL1,-0.242367682,0.393847484,0.848286888,0,1.188834665,0,0.117252367
SLC25A15,-0.302959603,0.393847484,1.09065457,0,1.128954665,0,0.129458479
ALDH1B1,-0.333255563,0.393847484,1.211838411,0,1.093317373,0,0.137127239
CYP4F3,-0.333255563,0.393847484,1.09065457,0,1.043161519,0,0.148436746
DGKQ,-0.393847484,0.393847484,1.09065457,0,0.983469408,0,0.162688232
ACY1,-0.757399007,0.393847484,1.151246491,0,0.919501702,0,0.178916608
ACLY,-0.090887881,0.363551523,0.787694967,0,1.636291031,0,0.050889346
SLC19A2,-0.181775762,0.363551523,0.817990928,0,1.29938044,0,0.0969067
ST3GAL1,-0.212071722,0.363551523,0.878582848,0,1.258929186,0,0.104027955
ACOX1,-0.212071722,0.363551523,0.878582848,0,1.258476519,0,0.104109737
RPIA,-0.272663643,0.363551523,0.999766689,0,1.168649971,0,0.121272343
CDS2,-0.302959603,0.363551523,1.03006265,0,1.0770065,0,0.140738681
MAN2A1,-0.302959603,0.363551523,0.908878809,0,1.072211461,0,0.141812532
SLC43A1,-0.333255563,0.363551523,1.06035861,0,1.032027833,0,0.15102954
GYS1,-0.393847484,0.363551523,1.03006265,0,0.946319778,0,0.171992754
INPP5B,-0.484735365,0.363551523,1.06035861,0,0.944422182,0,0.172476975
PANK2,-0.424143444,0.363551523,0.999766689,0,0.873331685,0,0.191241157
GCNT2,-0.908878809,0.363551523,1.333022253,0,0.825614387,0,0.204511435
C1GALT1,-2.787228346,0.363551523,1.151246491,0,0.657984509,0,0.255274043
ATP6V0D1,-0.060591921,0.333255563,0.666511126,0,1.669744381,0,0.047484974
GSTZ1,-0.121183841,0.333255563,0.727103047,0,1.426566359,0,0.076852463
SLC2A10,-0.212071722,0.333255563,0.757399007,0,1.231592452,0,0.109050681
ADSL,-0.242367682,0.333255563,0.787694967,0,1.146978977,0,0.125695155
MTMR2,-0.272663643,0.333255563,0.878582848,0,1.07967523,0,0.140143414
SLC2A11,-0.333255563,0.333255563,0.969470729,0,1.012003086,0,0.155768289
GALNT2,-0.333255563,0.333255563,0.939174769,0,0.99247763,0,0.160482293
MT-ND2,-0.302959603,0.333255563,0.848286888,0,0.929635666,0,0.176279877
EPHX2,-0.393847484,0.333255563,1.06035861,0,0.925421046,0,0.177373468
BPGM,-0.393847484,0.333255563,1.151246491,0,0.924817706,0,0.17753037
ACOT2,-0.363551523,0.333255563,0.969470729,0,0.921204305,0,0.178471886
GLS,-0.363551523,0.333255563,0.908878809,0,0.913179089,0,0.18057418
UAP1L1,-0.393847484,0.333255563,0.999766689,0,0.884939547,0,0.188094619
GPAT3,-0.454439404,0.333255563,1.03006265,0,0.863578668,0,0.193909693
ACAD10,-0.454439404,0.333255563,1.09065457,0,0.855447759,0,0.196151657
ATP6V0A1,-0.424143444,0.333255563,1.03006265,0,0.833101427,0,0.202393765
PFKM,-0.454439404,0.333255563,0.939174769,0,0.829519753,0,0.203405182
SLC4A7,-0.484735365,0.333255563,1.06035861,0,0.825603011,0,0.204514663
MTHFR,-0.454439404,0.333255563,1.03006265,0,0.809741036,0,0.209044514
ADHFE1,-3.271963711,0.333255563,1.151246491,0,0.361797684,0,0.358751611
PLA2G12A,-0.121183841,0.302959603,0.696807087,0,1.493056661,0,0.067711178
IMPDH1,-0.242367682,0.302959603,0.787694967,0,1.115406652,0,0.1323381
PRDX2,-0.242367682,0.302959603,0.727103047,0,1.074677965,0,0.141259466
CSAD,-0.333255563,0.302959603,0.787694967,0,0.987720154,0,0.161644861
ABCG2,-0.393847484,0.302959603,0.969470729,0,0.874664764,0,0.190878169
SLC1A2,-0.424143444,0.302959603,1.06035861,0,0.859269935,0,0.195095804
LDHD,-0.393847484,0.302959603,0.999766689,0,0.850067757,0,0.197643708
FPGT,-0.424143444,0.302959603,1.03006265,0,0.846551354,0,0.198622619
AFMID,-0.393847484,0.302959603,0.969470729,0,0.832420583,0,0.202585794
SLC25A14,-0.424143444,0.302959603,0.999766689,0,0.825539755,0,0.204532611
NMRK1,-0.424143444,0.302959603,0.878582848,0,0.80648356,0,0.209982042
HS2ST1,-0.454439404,0.302959603,0.878582848,0,0.795471123,0,0.213169751
SLC35D2,-0.484735365,0.302959603,0.939174769,0,0.79018298,0,0.214710457
SLC6A8,-0.454439404,0.302959603,0.969470729,0,0.771437068,0,0.220223955
PANK1,-0.454439404,0.302959603,0.969470729,0,0.74655478,0,0.227666177
RDH13,-0.484735365,0.302959603,1.03006265,0,0.719706525,0,0.235852854
ACO1,-0.515031325,0.302959603,1.09065457,0,0.706425891,0,0.239961662
SLC7A2,-0.060591921,0.272663643,0.575623245,0,1.6648389,0,0.04797245
NDUFA3,-0.212071722,0.272663643,0.696807087,0,1.069566081,0,0.142407335
MT-ND3,-0.333255563,0.272663643,0.757399007,0,0.8611288,0,0.194583554
MAN2C1,-0.363551523,0.272663643,0.848286888,0,0.85718024,0,0.195672641
COASY,-0.333255563,0.272663643,0.727103047,0,0.851326678,0,0.197293955
GALNS,-0.333255563,0.272663643,0.787694967,0,0.831335037,0,0.202892193
FUCA1,-0.363551523,0.272663643,0.939174769,0,0.82262212,0,0.205361458
CHPF2,-0.393847484,0.272663643,0.848286888,0,0.812829745,0,0.20815784
AGPAT1,-0.393847484,0.272663643,0.908878809,0,0.77979653,0,0.217755324
ALAD,-0.424143444,0.272663643,0.939174769,0,0.777434956,0,0.218451098
PI4K2A,-0.363551523,0.272663643,0.787694967,0,0.767924067,0,0.221266149
B4GALNT1,-0.424143444,0.272663643,0.939174769,0,0.766866894,0,0.221580329
PIP4K2B,-0.484735365,0.272663643,0.969470729,0,0.727357461,0,0.233503503
ALG6,-0.454439404,0.272663643,0.878582848,0,0.72636831,0,0.233806506
SLC9A8,-0.454439404,0.272663643,0.999766689,0,0.725289924,0,0.234137093
MCAT,-0.454439404,0.272663643,0.999766689,0,0.723327584,0,0.234739325
PFAS,-0.484735365,0.272663643,1.03006265,0,0.712052927,0,0.238216001
FADS2,-0.454439404,0.272663643,0.878582848,0,0.706249769,0,0.240016413
STS,-0.515031325,0.272663643,1.03006265,0,0.699203587,0,0.242212405
PLCD1,-0.515031325,0.272663643,1.06035861,0,0.690239004,0,0.245021949
PIP4K2A,-0.484735365,0.272663643,0.908878809,0,0.685153977,0,0.246623381
SPTLC1,-0.817990928,0.272663643,1.03006265,0,0.656150249,0,0.255863728
THNSL1,-0.515031325,0.272663643,0.969470729,0,0.652863237,0,0.256922226
CHST14,-0.848286888,0.272663643,1.09065457,0,0.587483951,0,0.278439363
NDST2,-0.575623245,0.272663643,0.878582848,0,0.574506736,0,0.282812472
NLN,-0.636215166,0.272663643,0.969470729,0,0.554829173,0,0.289505755
SMPD4,-3.362851592,0.272663643,1.06035861,0,0.528615815,0,0.298535994
ADCY6,-3.665811195,0.272663643,0.969470729,0,0.088914212,0,0.464575044
ACADM,-0.393847484,0.242367682,0.727103047,0,0.796191376,0,0.212960405
ATP6V0D2,-0.393847484,0.242367682,0.817990928,0,0.721809374,0,0.235205843
SLC4A2,-0.424143444,0.242367682,0.817990928,0,0.711018593,0,0.238536357
PIK3CB,-0.424143444,0.242367682,0.817990928,0,0.710435982,0,0.238716908
AADAT,-0.454439404,0.242367682,0.939174769,0,0.702402508,0,0.241214091
ACAA2,-0.424143444,0.242367682,0.848286888,0,0.69988746,0,0.241998795
PIGQ,-0.454439404,0.242367682,0.878582848,0,0.699490995,0,0.242122619
INPP4A,-0.454439404,0.242367682,0.939174769,0,0.684107452,0,0.246953658
B4GALT3,-0.424143444,0.242367682,0.787694967,0,0.669874804,0,0.251468801
UCKL1,-0.454439404,0.242367682,0.787694967,0,0.643785023,0,0.259857424
ME2,-0.515031325,0.242367682,0.999766689,0,0.635881296,0,0.262426897
GALC,-0.484735365,0.242367682,0.939174769,0,0.62936853,0,0.264553908
SLC15A2,-0.575623245,0.242367682,0.908878809,0,0.621668075,0,0.267080074
EHHADH,-0.515031325,0.242367682,0.878582848,0,0.621024965,0,0.267291599
NMNAT1,-0.515031325,0.242367682,0.999766689,0,0.612196916,0,0.270203741
PIK3CA,-0.545327285,0.242367682,1.06035861,0,0.598793517,0,0.274655293
CPT2,-0.575623245,0.242367682,0.969470729,0,0.582559178,0,0.280095046
TYMP,-0.727103047,0.242367682,0.908878809,0,0.523490392,0,0.300316518
SLC36A4,-2.544860664,0.242367682,0.999766689,0,0.51008466,0,0.304996076
PPCDC,-0.636215166,0.242367682,0.969470729,0,0.504053804,0,0.307111784
NPR2,-3.15077987,0.242367682,1.211838411,0,0.499536942,0,0.308700584
SCD,-0.121183841,0.212071722,0.727103047,0,1.309286629,0,0.095218639
ATP5PF,-0.121183841,0.212071722,0.545327285,0,1.231325488,0,0.109100576
ME1,-0.151479801,0.212071722,0.515031325,0,1.176454294,0,0.119706693
ELOVL5,-0.151479801,0.212071722,0.575623245,0,1.14086529,0,0.126962993
NDUFC2,-0.181775762,0.212071722,0.545327285,0,1.002083409,0,0.158151655
TM7SF2,-0.212071722,0.212071722,0.605919206,0,0.998930312,0,0.158914225
GMDS,-0.302959603,0.212071722,0.696807087,0,0.837539543,0,0.20114468
NDUFB1,-0.302959603,0.212071722,0.666511126,0,0.817121903,0,0.206929384
MTR,-0.393847484,0.212071722,0.757399007,0,0.69626625,0,0.243131053
ELOVL1,-0.393847484,0.212071722,0.757399007,0,0.660193153,0,0.254564943
HSD17B8,-0.424143444,0.212071722,0.817990928,0,0.655227209,0,0.256160739
TGDS,-0.393847484,0.212071722,0.727103047,0,0.643264719,0,0.260026172
INPP4B,-0.424143444,0.212071722,0.787694967,0,0.623504626,0,0.266476482
PIK3C2B,-0.454439404,0.212071722,0.757399007,0,0.601333008,0,0.273809104
ACP6,-0.515031325,0.212071722,0.878582848,0,0.574494173,0,0.282816721
PGM2,-0.484735365,0.212071722,0.848286888,0,0.566266973,0,0.285606154
SLC46A1,-0.575623245,0.212071722,0.939174769,0,0.562018306,0,0.287051773
SYNJ1,-0.545327285,0.212071722,0.848286888,0,0.550765789,0,0.29089712
G6PC3,-0.515031325,0.212071722,0.787694967,0,0.545210931,0,0.292804227
PLCB1,-0.515031325,0.212071722,0.969470729,0,0.539513831,0,0.294766178
SLC22A4,-0.666511126,0.212071722,0.969470729,0,0.465959197,0,0.320622354
KYAT3,-0.636215166,0.212071722,0.969470729,0,0.458717001,0,0.323218702
SLCO3A1,-0.666511126,0.212071722,0.999766689,0,0.44383943,0,0.328579339
EXTL3,-0.878582848,0.212071722,0.969470729,0,0.397131327,0,0.34563531
ZADH2,-0.666511126,0.212071722,0.817990928,0,0.393777525,0,0.34687265
SMS,-0.212071722,0.181775762,0.545327285,0,0.904747389,0,0.182799615
PAPSS1,-0.272663643,0.181775762,0.575623245,0,0.785871865,0,0.21597128
SLC29A2,-0.272663643,0.181775762,0.575623245,0,0.777275765,0,0.218498045
GMPR2,-0.272663643,0.181775762,0.545327285,0,0.750454001,0,0.226490659
ATP5PD,-0.272663643,0.181775762,0.545327285,0,0.748644293,0,0.227035814
BLVRA,-0.302959603,0.181775762,0.636215166,0,0.736679682,0,0.230658583
SETDB1,-0.302959603,0.181775762,0.575623245,0,0.701573864,0,0.241472478
SC5D,-0.302959603,0.181775762,0.575623245,0,0.700015174,0,0.241958914
SPR,-0.333255563,0.181775762,0.666511126,0,0.691555111,0,0.24460838
AK4,-0.333255563,0.181775762,0.666511126,0,0.689623304,0,0.245215554
MT-ND5,-0.454439404,0.181775762,1.696573776,0,0.672993974,0,0.250475562
PCYT2,-0.333255563,0.181775762,0.605919206,0,0.661952921,0,0.254000697
GALNT7,-0.363551523,0.181775762,0.666511126,0,0.65182464,0,0.257257152
NDUFA5,-0.333255563,0.181775762,0.605919206,0,0.643610388,0,0.259914056
PEPD,-0.363551523,0.181775762,0.666511126,0,0.633956659,0,0.263054554
SLC35A2,-0.333255563,0.181775762,0.605919206,0,0.630560095,0,0.264164099
MMAA,-0.484735365,0.181775762,0.878582848,0,0.540011232,0,0.294594643
ENGASE,-0.817990928,0.181775762,1.272430332,0,0.539740461,0,0.294688016
CYP51A1,-0.484735365,0.181775762,0.848286888,0,0.538452853,0,0.295132223
EHMT2,-0.484735365,0.181775762,0.817990928,0,0.524538245,0,0.299952113
PIK3C3,-0.484735365,0.181775762,0.817990928,0,0.521442127,0,0.301029406
CERT1,-0.454439404,0.181775762,0.787694967,0,0.52112445,0,0.30114004
MGAT5,-0.515031325,0.181775762,0.848286888,0,0.515552891,0,0.30308336
PTDSS2,-0.545327285,0.181775762,0.878582848,0,0.494019928,0,0.310646053
LHPP,-0.515031325,0.181775762,0.817990928,0,0.487404092,0,0.312985997
HIBCH,-0.545327285,0.181775762,0.908878809,0,0.484792985,0,0.3139116
B3GALT5,-0.545327285,0.181775762,0.908878809,0,0.483811149,0,0.314259951
NUDT2,-0.515031325,0.181775762,0.727103047,0,0.483071112,0,0.314522622
ENTPD4,-0.545327285,0.181775762,0.908878809,0,0.478349244,0,0.316200826
SLC12A5,-3.12048391,0.181775762,0.817990928,0,0.4626273,0,0.321815769
B3GNTL1,-0.575623245,0.181775762,0.939174769,0,0.460737382,0,0.322493516
SLC25A18,-0.605919206,0.181775762,0.878582848,0,0.45762781,0,0.32360993
AGMAT,-0.545327285,0.181775762,0.878582848,0,0.451115071,0,0.325953308
SLC25A19,-0.605919206,0.181775762,0.939174769,0,0.447797027,0,0.327149845
PYCR3,-0.545327285,0.181775762,0.787694967,0,0.440108356,0,0.329929315
FUT1,-0.605919206,0.181775762,0.908878809,0,0.431515555,0,0.333046773
FBP1,-0.212071722,0.151479801,0.484735365,0,0.774484267,0,0.219322234
ALDH3B2,-0.242367682,0.151479801,0.515031325,0,0.706558143,0,0.239920554
BAG5,-0.272663643,0.151479801,0.545327285,0,0.702988046,0,0.2410316
GYG1,-0.272663643,0.151479801,0.545327285,0,0.689253102,0,0.245332003
HMGCR,-0.302959603,0.151479801,0.515031325,0,0.62217856,0,0.266912231
SGPP1,-0.302959603,0.151479801,0.515031325,0,0.605619402,0,0.272383758
ATP6V1B2,-0.393847484,0.151479801,0.575623245,0,0.543742122,0,0.293309471
PTDSS1,-0.333255563,0.151479801,0.515031325,0,0.541740858,0,0.293998519
DPM2,-0.393847484,0.151479801,0.605919206,0,0.503140123,0,0.30743288
NDUFB6,-0.393847484,0.151479801,0.636215166,0,0.494717669,0,0.310399714
SOAT1,-0.454439404,0.151479801,0.636215166,0,0.467180649,0,0.320185319
SLC35A1,-0.484735365,0.151479801,0.696807087,0,0.455049647,0,0.324536761
KHK,-0.545327285,0.151479801,0.878582848,0,0.435246855,0,0.331691628
NDST1,-0.545327285,0.151479801,0.817990928,0,0.427371209,0,0.334554487
SLC25A16,-0.515031325,0.151479801,0.757399007,0,0.409662923,0,0.341026616
DGKZ,-0.484735365,0.151479801,0.727103047,0,0.409515867,0,0.341080562
GAMT,-0.575623245,0.151479801,0.848286888,0,0.408440205,0,0.341475261
PIGW,-0.605919206,0.151479801,0.908878809,0,0.397477208,0,0.345507795
BCKDHB,-0.575623245,0.151479801,0.848286888,0,0.396404827,0,0.345903203
IP6K2,-0.545327285,0.151479801,0.696807087,0,0.389620128,0,0.348408733
PLD1,-0.575623245,0.151479801,0.848286888,0,0.385746838,0,0.349842085
SDHC,-0.575623245,0.151479801,0.817990928,0,0.382411892,0,0.351077935
GALNT6,-0.484735365,0.151479801,0.636215166,0,0.380152993,0,0.351915925
FUT3,-0.666511126,0.151479801,1.06035861,0,0.375364509,0,0.353694698
ACOT8,-0.605919206,0.151479801,0.848286888,0,0.373959094,0,0.354217375
SLC27A5,-0.605919206,0.151479801,0.817990928,0,0.369104373,0,0.356024965
COQ7,-0.575623245,0.151479801,0.787694967,0,0.360059802,0,0.359401206
BTD,-0.636215166,0.151479801,0.878582848,0,0.355979791,0,0.36092785
NME7,-0.575623245,0.151479801,0.787694967,0,0.35299921,0,0.362044516
UGT2B15,-0.636215166,0.151479801,0.908878809,0,0.347645273,0,0.364053301
ST6GALNAC6,-0.727103047,0.151479801,0.787694967,0,0.340800028,0,0.366627065
DOT1L,-0.696807087,0.151479801,0.969470729,0,0.332397095,0,0.369794716
ALDOC,-0.605919206,0.151479801,0.727103047,0,0.326762834,0,0.371923636
CYP2J2,-0.727103047,0.151479801,1.06035861,0,0.316965094,0,0.375635044
GLCE,-0.696807087,0.151479801,0.848286888,0,0.305203389,0,0.380105626
ADO,-0.727103047,0.151479801,0.817990928,0,0.247344883,0,0.402320663
NDUFB4,-0.212071722,0.121183841,0.424143444,0,0.673595861,0,0.250284143
LSS,-0.272663643,0.121183841,0.484735365,0,0.60208051,0,0.273560274
NDUFS1,-0.302959603,0.121183841,0.545327285,0,0.568662467,0,0.284792612
ABAT,-0.272663643,0.121183841,0.393847484,0,0.543152711,0,0.293512331
SETD7,-0.302959603,0.121183841,0.454439404,0,0.494036662,0,0.310640144
PPT1,-0.333255563,0.121183841,0.545327285,0,0.493774921,0,0.310732573
LIPA,-0.302959603,0.121183841,0.484735365,0,0.489928971,0,0.312092081
CANT1,-0.302959603,0.121183841,0.454439404,0,0.477446167,0,0.316522223
PANK3,-0.302959603,0.121183841,0.454439404,0,0.467672897,0,0.320009263
SDHA,-0.333255563,0.121183841,0.515031325,0,0.454326051,0,0.324797084
GLUD1,-0.393847484,0.121183841,0.545327285,0,0.412840943,0,0.339861576
PSPH,-0.363551523,0.121183841,0.545327285,0,0.410304435,0,0.340791319
FUT8,-0.484735365,0.121183841,0.696807087,0,0.388791342,0,0.348715253
MGAT1,-0.393847484,0.121183841,0.545327285,0,0.388240265,0,0.348919119
SLC35C1,-0.454439404,0.121183841,0.605919206,0,0.368324909,0,0.356315491
NADK2,-0.484735365,0.121183841,0.666511126,0,0.348740983,0,0.363641887
GSTO1,-0.424143444,0.121183841,0.545327285,0,0.344433324,0,0.365260216
XYLT2,-0.575623245,0.121183841,0.787694967,0,0.341342901,0,0.366422727
PLCG1,-0.545327285,0.121183841,0.727103047,0,0.33698288,0,0.368064903
MTMR3,-0.636215166,0.121183841,0.878582848,0,0.314661614,0,0.376509296
PHEX,-0.666511126,0.121183841,0.939174769,0,0.307921933,0,0.379070868
FLAD1,-0.515031325,0.121183841,0.605919206,0,0.292614911,0,0.384908258
SLC27A3,-0.605919206,0.121183841,0.848286888,0,0.292005842,0,0.385141079
SMPD1,-0.636215166,0.121183841,0.817990928,0,0.287135345,0,0.387004345
BCAT2,-0.545327285,0.121183841,0.666511126,0,0.277966259,0,0.39051913
PIKFYVE,-0.605919206,0.121183841,0.787694967,0,0.274786112,0,0.391740284
SLC36A1,-0.575623245,0.121183841,0.727103047,0,0.272573224,0,0.392590648
ST3GAL4,-0.605919206,0.121183841,0.757399007,0,0.267790254,0,0.394430387
CHST12,-0.696807087,0.121183841,0.878582848,0,0.265132875,0,0.395453551
SUV39H2,-0.636215166,0.121183841,0.757399007,0,0.262888495,0,0.396318262
UCK2,-0.636215166,0.121183841,0.727103047,0,0.209373312,0,0.417078413
CLTRN,-0.817990928,0.121183841,0.878582848,0,0.191630795,0,0.424015709
CYP4V2,-0.787694967,0.121183841,0.908878809,0,0.171986341,0,0.431724134
ETNK1,-0.696807087,0.121183841,0.666511126,0,0.157871923,0,0.437278861
ALDH3B1,-3.605219274,0.121183841,0.878582848,0,0.097667132,0,0.461098308
ETFDH,-3.484035433,0.121183841,0.817990928,0,0.082593207,0,0.467087501
GBA,-3.756699076,0.121183841,0.757399007,0,-0.130174351,0,0.551785757
CMPK2,-2.817524307,0.121183841,0.666511126,0,-0.315459275,0,0.623793516
SLC25A3,-0.181775762,0.090887881,0.333255563,0,0.574655213,0,0.282762251
ATP6V1C1,-0.242367682,0.090887881,0.393847484,0,0.479451229,0,0.315808828
PRDX3,-0.242367682,0.090887881,0.393847484,0,0.45193154,0,0.325659151
ATP5F1C,-0.302959603,0.090887881,0.393847484,0,0.448269861,0,0.326979225
ATP5MC3,-0.242367682,0.090887881,0.363551523,0,0.42549021,0,0.335239679
PPA2,-0.302959603,0.090887881,0.424143444,0,0.414930319,0,0.339096457
IREB2,-0.333255563,0.090887881,0.454439404,0,0.399595378,0,0.344727281
NME4,-0.363551523,0.090887881,0.515031325,0,0.382368174,0,0.351094147
MAN1A2,-0.333255563,0.090887881,0.484735365,0,0.366880768,0,0.356853979
FASN,-0.272663643,0.090887881,0.393847484,0,0.358946622,0,0.35981751
SLC20A1,-0.424143444,0.090887881,0.545327285,0,0.35169164,0,0.362534766
NDUFB5,-0.333255563,0.090887881,0.484735365,0,0.338239309,0,0.367591428
SLC35A3,-0.393847484,0.090887881,0.515031325,0,0.335547197,0,0.368606174
GANAB,-0.393847484,0.090887881,0.515031325,0,0.334528871,0,0.368990254
GOT2,-0.393847484,0.090887881,0.515031325,0,0.32102759,0,0.374094741
ECH1,-0.424143444,0.090887881,0.515031325,0,0.314273363,0,0.376656714
SGPL1,-0.393847484,0.090887881,0.484735365,0,0.305708881,0,0.379913155
NSDHL,-0.393847484,0.090887881,0.515031325,0,0.275358098,0,0.391520566
RDH14,-0.484735365,0.090887881,0.545327285,0,0.253212946,0,0.400051831
MPST,-0.393847484,0.090887881,0.454439404,0,0.251203613,0,0.400828346
CPT1A,-0.484735365,0.090887881,0.605919206,0,0.247199576,0,0.402376887
GALK1,-0.605919206,0.090887881,0.727103047,0,0.246999813,0,0.402454184
BPNT1,-0.424143444,0.090887881,0.484735365,0,0.245868993,0,0.402891824
SLC26A2,-0.575623245,0.090887881,0.727103047,0,0.245078036,0,0.403198005
ALAS1,-0.605919206,0.090887881,0.696807087,0,0.226776367,0,0.410298821
CYP4B1,-0.666511126,0.090887881,0.817990928,0,0.226140839,0,0.410545941
PLPP1,-0.666511126,0.090887881,0.848286888,0,0.225831365,0,0.410666291
AOX1,-0.575623245,0.090887881,0.757399007,0,0.22550466,0,0.41079335
SLC4A5,-0.636215166,0.090887881,1.09065457,0,0.203981373,0,0.419184027
CEPT1,-0.696807087,0.090887881,0.848286888,0,0.201975509,0,0.419967935
PNPLA3,-0.757399007,0.090887881,0.908878809,0,0.198141657,0,0.421467116
PLPP2,-0.575623245,0.090887881,0.605919206,0,0.192376197,0,0.423723768
ACSS2,-0.636215166,0.090887881,0.727103047,0,0.187384454,0,0.425679605
B3GALNT1,-0.666511126,0.090887881,0.787694967,0,0.181188528,0,0.428109799
PLA2G3,-0.636215166,0.090887881,0.727103047,0,0.179741,0,0.428677952
SLC37A4,-0.575623245,0.090887881,0.636215166,0,0.177306649,0,0.429633764
OCRL,-0.666511126,0.090887881,0.727103047,0,0.161515075,0,0.43584387
CKMT1B,-0.696807087,0.090887881,0.727103047,0,0.152734777,0,0.439303717
SLC27A4,-0.666511126,0.090887881,0.696807087,0,0.144470055,0,0.442564651
SLC1A1,-2.817524307,0.090887881,0.999766689,0,0.142404712,0,0.44338017
IVD,-0.666511126,0.090887881,0.636215166,0,0.135486911,0,0.446113456
B4GALT5,-0.727103047,0.090887881,0.757399007,0,0.109332127,0,0.456469533
EXT2,-0.848286888,0.090887881,0.727103047,0,0.02132934,0,0.49149147
COX7C,-0.212071722,0.060591921,0.333255563,0,0.435045901,0,0.331764555
ATP5MC2,-0.212071722,0.060591921,0.302959603,0,0.429979479,0,0.333605284
UQCRB,-0.242367682,0.060591921,0.333255563,0,0.361775853,0,0.358759769
SLC35B2,-0.333255563,0.060591921,0.454439404,0,0.312959857,0,0.37715558
SCP2,-0.302959603,0.060591921,0.393847484,0,0.287242048,0,0.386963496
PAICS,-0.302959603,0.060591921,0.363551523,0,0.286542162,0,0.387231453
PIK3R3,-0.333255563,0.060591921,0.424143444,0,0.242730733,0,0.404106999
ATP5F1A,-0.272663643,0.060591921,0.363551523,0,0.235091593,0,0.407068822
SLC38A2,-0.272663643,0.060591921,0.333255563,0,0.234547252,0,0.407280077
ACADSB,-0.393847484,0.060591921,0.484735365,0,0.228076719,0,0.4097933
PLOD1,-0.484735365,0.060591921,0.575623245,0,0.21071345,0,0.416555439
ACSS3,-0.696807087,0.060591921,0.939174769,0,0.19835168,0,0.42138496
OAT,-0.363551523,0.060591921,0.424143444,0,0.197626764,0,0.421668547
HADHB,-0.333255563,0.060591921,0.393847484,0,0.195168582,0,0.422630487
PFKFB3,-0.605919206,0.060591921,0.757399007,0,0.17916912,0,0.428902455
ST3GAL5,-0.666511126,0.060591921,0.817990928,0,0.172192896,0,0.431642941
SLC7A11,-0.333255563,0.060591921,0.393847484,0,0.17077658,0,0.432199723
PCBD1,-0.363551523,0.060591921,0.424143444,0,0.169773577,0,0.432594104
POR,-0.545327285,0.060591921,0.575623245,0,0.163373105,0,0.435112339
RPE,-0.424143444,0.060591921,0.484735365,0,0.156313939,0,0.437892785
PANK4,-0.605919206,0.060591921,0.696807087,0,0.14819683,0,0.441093717
PISD,-0.484735365,0.060591921,0.515031325,0,0.145258722,0,0.442253302
ABCD3,-0.605919206,0.060591921,0.666511126,0,0.14328119,0,0.443034055
CROT,-0.696807087,0.060591921,0.787694967,0,0.141096791,0,0.443896739
GALNT10,-0.636215166,0.060591921,0.757399007,0,0.136278564,0,0.445800535
UXS1,-0.575623245,0.060591921,0.605919206,0,0.134967943,0,0.44631861
NDUFA8,-0.393847484,0.060591921,0.424143444,0,0.132960141,0,0.447112452
SULT1A1,-0.605919206,0.060591921,0.636215166,0,0.1322324,0,0.447400237
DMAC2L,-0.575623245,0.060591921,0.636215166,0,0.128196902,0,0.448996576
ATP5F1D,-0.484735365,0.060591921,0.484735365,0,0.122661978,0,0.451187387
GCAT,-0.757399007,0.060591921,0.757399007,0,0.121356982,0,0.451704144
NME6,-0.727103047,0.060591921,0.817990928,0,0.111221268,0,0.455720443
NMNAT2,-0.666511126,0.060591921,0.757399007,0,0.110140135,0,0.456149119
AUH,-0.696807087,0.060591921,0.757399007,0,0.107941481,0,0.457021056
ACYP1,-0.696807087,0.060591921,0.757399007,0,0.096155356,0,0.461698594
PECR,-2.635748545,0.060591921,0.969470729,0,0.082377195,0,0.467173385
ATP2B1,-0.515031325,0.060591921,0.545327285,0,0.081534659,0,0.467508381
SLC6A6,-0.484735365,0.060591921,0.484735365,0,0.081199358,0,0.467641705
CKB,-0.666511126,0.060591921,0.666511126,0,0.062637097,0,0.475027744
GALK2,-0.666511126,0.060591921,0.605919206,0,0.045215663,0,0.481967705
CYP27B1,-0.817990928,0.060591921,0.787694967,0,0.034460349,0,0.48625503
PDE9A,-3.059891989,0.060591921,0.878582848,0,-0.081359299,0,0.532421892
SLC25A6,-0.212071722,0.03029596,0.272663643,0,0.269085037,0,0.393932122
ATP5MG,-0.242367682,0.03029596,0.302959603,0,0.165526504,0,0.434264795
SQLE,-0.272663643,0.03029596,0.333255563,0,0.164693461,0,0.434592632
G6PD,-0.272663643,0.03029596,0.302959603,0,0.143530656,0,0.442935551
ATP5ME,-0.363551523,0.03029596,0.393847484,0,0.135443209,0,0.446130732
GALNT1,-0.424143444,0.03029596,0.484735365,0,0.114056425,0,0.454596532
ATP6V1B1,-0.787694967,0.03029596,0.908878809,0,0.111936107,0,0.455437034
ASAH1,-0.302959603,0.03029596,0.333255563,0,0.109477209,0,0.456411999
ATP5F1E,-0.212071722,0.03029596,0.242367682,0,0.107812677,0,0.457072143
NDUFA10,-0.333255563,0.03029596,0.363551523,0,0.102007895,0,0.459375204
UQCR11,-0.333255563,0.03029596,0.333255563,0,0.097756143,0,0.461062967
PIGK,-0.666511126,0.03029596,0.817990928,0,0.095346205,0,0.462019922
AMD1,-0.424143444,0.03029596,0.424143444,0,0.086071925,0,0.465704621
PIP5K1A,-0.484735365,0.03029596,0.454439404,0,0.084441657,0,0.466352644
TCIRG1,-0.727103047,0.03029596,0.757399007,0,0.08438192,0,0.466376391
ATP5PO,-0.363551523,0.03029596,0.393847484,0,0.073136763,0,0.470848644
NDUFC1,-0.333255563,0.03029596,0.363551523,0,0.071680811,0,0.471427964
UGDH,-0.272663643,0.03029596,0.302959603,0,0.07071852,0,0.47181089
COX7A2L,-0.272663643,0.03029596,0.272663643,0,0.069227054,0,0.472404444
UMPS,-0.575623245,0.03029596,0.575623245,0,0.058739044,0,0.47657998
GNS,-0.302959603,0.03029596,0.302959603,0,0.0519263,0,0.479293709
PGAP1,-0.696807087,0.03029596,0.696807087,0,0.049297602,0,0.480341065
UPP1,-0.666511126,0.03029596,0.757399007,0,0.048612412,0,0.480614089
NDUFAB1,-0.302959603,0.03029596,0.302959603,0,0.047726138,0,0.480967251
ALDH3A2,-0.484735365,0.03029596,0.515031325,0,0.046879483,0,0.48130464
PGP,-0.363551523,0.03029596,0.333255563,0,0.046461135,0,0.481471355
PGK1,-0.272663643,0.03029596,0.302959603,0,0.043456821,0,0.482668692
APRT,-0.302959603,0.03029596,0.272663643,0,0.04002874,0,0.484035107
SCARB1,-0.515031325,0.03029596,0.515031325,0,0.038439318,0,0.484668706
CDA,-0.636215166,0.03029596,0.817990928,0,0.038086368,0,0.48480941
RDH11,-0.302959603,0.03029596,0.333255563,0,0.036422225,0,0.485472847
IDH3G,-0.393847484,0.03029596,0.393847484,0,0.034714497,0,0.4861537
CP,-0.727103047,0.03029596,0.666511126,0,0.029470036,0,0.488244858
TPP1,-0.515031325,0.03029596,0.484735365,0,0.02943159,0,0.488260189
NDUFA4,-0.333255563,0.03029596,0.333255563,0,0.029276774,0,0.488321925
SLC7A8,-0.908878809,0.03029596,0.878582848,0,0.021731882,0,0.491330916
ODC1,-0.333255563,0.03029596,0.333255563,0,0.019272235,0,0.492311966
CDS1,-0.454439404,0.03029596,0.424143444,0,0.015131038,0,0.49396382
ADSS1,-0.727103047,0.03029596,0.727103047,0,0.01454137,0,0.494199037
UCP2,-0.484735365,0.03029596,0.454439404,0,0.011772502,0,0.49530356
DGKD,-0.787694967,0.03029596,0.727103047,0,0.00673727,0,0.497312238
HMGCS1,-0.363551523,0.03029596,0.363551523,0,0.006467126,0,0.497420008
ALDH1L2,-0.484735365,0.03029596,0.454439404,0,0.006454055,0,0.497425222
ATP5MF,-0.575623245,0.03029596,0.575623245,0,0.005585162,0,0.497771854
SUCLA2,-0.545327285,0.03029596,0.484735365,0,0.005044213,0,0.497987659
ABCC1,-0.848286888,0.03029596,0.757399007,0,0,0,0.5
ACAT2,-0.515031325,0.03029596,0.454439404,0,0,0,0.5
ADK,-0.484735365,0.03029596,0.424143444,0,0,0,0.5
FECH,-0.424143444,0.03029596,0.393847484,0,0,0,0.5
MAOA,-0.787694967,0.03029596,0.696807087,0,0,0,0.5
MPI,-0.636215166,0.03029596,0.575623245,0,0,0,0.5
NADK,-0.939174769,0.03029596,0.696807087,0,0,0,0.5
NUDT9,-0.848286888,0.03029596,0.666511126,0,0,0,0.5
SLC12A7,-0.605919206,0.03029596,0.515031325,0,0,0,0.5
GCDH,-3.271963711,0.03029596,0.696807087,0,-0.056664999,0,0.522593972
KMT5A,-3.241667751,0.03029596,0.727103047,0,-0.066827653,0,0.526640546
MT-ND4,-0.636215166,0,1.03006265,0,0.698657882,0,0.242382931
PIK3R5,-0.424143444,0,0.636215166,0,0.36388852,0,0.357970629
ACOT1,-0.454439404,0,0.545327285,0,0.332425985,0,0.36978381
MIOX,-0.393847484,0,0.605919206,0,0.322084127,0,0.373694482
OXCT2,-0.393847484,0,0.666511126,0,0.313770788,0,0.376847566
PDHA2,-0.363551523,0,0.605919206,0,0.304750905,0,0.380277938
SLC5A12,-0.575623245,0,0.666511126,0,0.227161332,0,0.410149147
AOC2,-0.757399007,0,0.757399007,0,0.166784532,0,0.433769795
CYP4F22,-0.727103047,0,0.696807087,0,0.149385579,0,0.440624695
FMO1,-0.424143444,0,0.636215166,0,0.148923348,0,0.440807059
SLC16A2,-0.727103047,0,0.848286888,0,0.075989519,0,0.469713718
BCKDHA,-0.636215166,0,3.12048391,0,0.074064924,0,0.470479362
SULT2B1,-0.636215166,0,3.574923314,0,0.053207627,0,0.478783239
AQP8,-0.636215166,0,0.666511126,0,0.050515266,0,0.479855892
ABCC3,-0.696807087,0,0.666511126,0,0,0,0.5
ACP1,-0.333255563,0,0.272663643,0,0,0,0.5
ACSM1,-0.575623245,0,0.605919206,0,0,0,0.5
AGA,-0.575623245,0,0.424143444,0,0,0,0.5
ALDOA,-0.272663643,0,0.212071722,0,0,0,0.5
ASS1,-0.363551523,0,0.333255563,0,0,0,0.5
ATP2B2,-0.696807087,0,0.817990928,0,0,0,0.5
ATP6V1A,-0.333255563,0,0.333255563,0,0,0,0.5
B4GALT2,-0.666511126,0,0.575623245,0,0,0,0.5
CAD,-0.605919206,0,0.484735365,0,0,0,0.5
CNDP2,-0.424143444,0,0.363551523,0,0,0,0.5
COMT,-0.363551523,0,0.302959603,0,0,0,0.5
DECR2,-0.787694967,0,0.636215166,0,0,0,0.5
ELOVL4,-0.817990928,0,0.757399007,0,0,0,0.5
FTH1,-0.03029596,0,0,0,0,0,0.5
FTL,-0.03029596,0,0,0,0,0,0.5
FUT9,-0.727103047,0,0.636215166,0,0,0,0.5
GMPR,-0.757399007,0,0.636215166,0,0,0,0.5
GNPNAT1,-0.302959603,0,0.302959603,0,0,0,0.5
GPI,-0.333255563,0,0.272663643,0,0,0,0.5
GPX4,-0.393847484,0,0.333255563,0,0,0,0.5
GSR,-0.333255563,0,0.272663643,0,0,0,0.5
HK2,-0.605919206,0,0.545327285,0,0,0,0.5
HKDC1,-0.787694967,0,0.515031325,0,0,0,0.5
HMBS,-0.605919206,0,0.484735365,0,0,0,0.5
IDH1,-0.333255563,0,0.272663643,0,0,0,0.5
ITPKB,-0.696807087,0,0.666511126,0,0,0,0.5
MCCC2,-0.333255563,0,0.302959603,0,0,0,0.5
NDUFB8,-0.424143444,0,0.363551523,0,0,0,0.5
NDUFS5,-0.393847484,0,0.333255563,0,0,0,0.5
NDUFS8,-0.363551523,0,0.333255563,0,0,0,0.5
PDE5A,-0.605919206,0,0.605919206,0,0,0,0.5
PFKFB2,-0.666511126,0,0.636215166,0,0,0,0.5
PLCL1,-0.605919206,0,0.696807087,0,0,0,0.5
PRDX6,-0.272663643,0,0.242367682,0,0,0,0.5
RHBG,-0.575623245,0,0.575623245,0,0,0,0.5
SAT2,-0.424143444,0,0.424143444,0,0,0,0.5
SLC1A4,-0.363551523,0,0.333255563,0,0,0,0.5
SLC29A3,-0.787694967,0,0.727103047,0,0,0,0.5
STARD3,-0.636215166,0,0.605919206,0,0,0,0.5
TUSC3,-0.424143444,0,0.393847484,0,0,0,0.5
TXNRD3,-0.787694967,0,0.727103047,0,0,0,0.5
UGP2,-0.333255563,0,0.302959603,0,0,0,0.5
UGT2B7,-0.636215166,0,0.575623245,0,0,0,0.5
UQCRC2,-0.424143444,0,0.363551523,0,0,0,0.5
UQCRH,-0.272663643,0,0.272663643,0,0,0,0.5
PLA2G1B,-0.605919206,0,0.605919206,0,0,0,0.5
SLC22A1,-0.545327285,0,0.575623245,0,0,0,0.5
PGK2,-0.515031325,0,0.545327285,0,0,0,0.5
PLCD4,-0.666511126,0,0.515031325,0,0,0,0.5
SLC34A3,-0.605919206,0,0.575623245,0,0,0,0.5
IDH3B,-0.696807087,0,0.545327285,0,-0.000243945,0,0.50009732
ALDH6A1,-0.575623245,0,0.454439404,0,-0.001326939,0,0.500529372
MCCC1,-0.727103047,0,0.575623245,0,-0.003462247,0,0.501381234
CHDH,-0.757399007,0,0.636215166,0,-0.009327918,0,0.503721247
ETFB,-0.636215166,0,0.545327285,0,-0.011947445,0,0.504766227
GCLM,-0.484735365,0,0.363551523,0,-0.017834061,0,0.507114384
SORD,-0.848286888,0,0.696807087,0,-0.019116458,0,0.507625899
SLC9A5,-0.696807087,0,0.666511126,0,-0.021581142,0,0.508608962
SHMT1,-0.727103047,0,0.575623245,0,-0.024191628,0,0.509650122
NDUFV3,-0.393847484,0,0.333255563,0,-0.024378418,0,0.509724618
SLC28A1,-0.666511126,0,0.545327285,0,-0.027665084,0,0.511035364
MVD,-0.484735365,0,0.393847484,0,-0.029282153,0,0.511680219
AOC3,-0.666511126,0,0.515031325,0,-0.044245413,0,0.517645609
SLC8A2,-0.636215166,0,0.545327285,0,-0.045470285,0,0.51813377
CDO1,-0.575623245,0,0.545327285,0,-0.045710834,0,0.518229636
AMPD1,-0.636215166,0,0.575623245,0,-0.049800847,0,0.519859454
PLCB2,-0.666511126,0,0.484735365,0,-0.052528892,0,0.520946363
NOS3,-0.575623245,0,0.484735365,0,-0.058399004,0,0.523284596
ACACA,-0.878582848,0,0.636215166,0,-0.065325261,0,0.526042485
ACOX2,-0.605919206,0,0.545327285,0,-0.069755235,0,0.527805761
FOLR2,-0.575623245,0,0.545327285,0,-0.076273675,0,0.530399315
DERA,-0.817990928,0,0.605919206,0,-0.083791379,0,0.533388849
HEPH,-0.605919206,0,0.575623245,0,-0.089299658,0,0.535578117
ABCA1,-0.757399007,0,0.545327285,0,-0.095359608,0,0.537985401
SLC7A7,-0.636215166,0,0.545327285,0,-0.118172853,0,0.54703465
PTGS2,-0.605919206,0,0.515031325,0,-0.119325206,0,0.547491143
DDO,-0.757399007,0,0.454439404,0,-0.12103042,0,0.54816653
PLCH2,-0.666511126,0,0.545327285,0,-0.123445833,0,0.549122967
ACSL5,-0.636215166,0,0.545327285,0,-0.129375823,0,0.551469861
SLC12A1,-0.605919206,0,0.545327285,0,-0.131572281,0,0.552338694
SLCO2A1,-0.727103047,0,0.545327285,0,-0.181500598,0,0.572012668
HMGCLL1,-0.757399007,0,0.515031325,0,-0.206544491,0,0.581817193
CFTR,-0.605919206,0,0.484735365,0,-0.207858834,0,0.582330404
ADCY4,-0.605919206,0,0.454439404,0,-0.21033618,0,0.58329735
SLC5A11,-0.727103047,0,0.454439404,0,-0.220044044,0,0.587081573
SLC6A20,-0.605919206,0,0.484735365,0,-0.230993529,0,0.591340086
SLC14A1,-0.727103047,0,0.454439404,0,-0.24045023,0,0.595009379
NT5E,-0.727103047,0,0.454439404,0,-0.306169921,0,0.620262364
ALDH1A3,-0.757399007,0,0.575623245,0,-0.316438761,0,0.62416525
KCNJ8,-0.727103047,0,0.424143444,0,-0.328927336,0,0.628894694
HS3ST1,-0.696807087,0,0.424143444,0,-0.340514008,0,0.633265262
CYP7A1,-0.727103047,0,0.484735365,0,-0.35160577,0,0.637433031
PDE6A,-0.848286888,0,0.454439404,0,-0.358564285,0,0.640039465
AADAC,-0.757399007,0,0.424143444,0,-0.363350043,0,0.641828293
ENPP2,-0.817990928,0,0.424143444,0,-0.366035872,0,0.642830846
SLC6A12,-0.727103047,0,0.424143444,0,-0.383980358,0,0.649503497
ISYNA1,-3.786995036,0,0.605919206,0,-0.402542576,0,0.656357619
ST6GALNAC1,-0.727103047,0,0.424143444,0,-0.416168097,0,0.661356499
PFKFB4,-3.665811195,0,0.636215166,0,-0.453139577,0,0.674775881
CYP2B6,-0.817990928,0,0.393847484,0,-0.537183921,0,0.704429712
SLC12A6,-0.393847484,-0.03029596,0.636215166,0,0.163304414,0,0.435139379
IDO1,-0.545327285,-0.03029596,0.515031325,0,0.043836872,0,0.482517218
LCAT,-0.545327285,-0.03029596,0.575623245,0,0,0,0.5
SLC52A2,-0.393847484,-0.03029596,0.333255563,0,0,0,0.5
GGPS1,-0.454439404,-0.03029596,0.393847484,0,-0.001855243,0,0.500740135
SOD3,-0.545327285,-0.03029596,0.575623245,0,-0.005655188,0,0.502256082
DBT,-0.817990928,-0.03029596,0.787694967,0,-0.010215214,0,0.50407521
GGT5,-0.727103047,-0.03029596,0.545327285,0,-0.015229598,0,0.506075496
MDH2,-0.393847484,-0.03029596,0.333255563,0,-0.023399325,0,0.509334128
CPOX,-0.696807087,-0.03029596,0.575623245,0,-0.024676234,0,0.509843394
COX5A,-0.333255563,-0.03029596,0.242367682,0,-0.026707108,0,0.510653328
PMVK,-0.605919206,-0.03029596,0.484735365,0,-0.027152047,0,0.510830769
GCH1,-0.545327285,-0.03029596,0.454439404,0,-0.028384935,0,0.51132243
PLA2G10,-0.666511126,-0.03029596,0.666511126,0,-0.030867122,0,0.512312245
IDH3A,-0.515031325,-0.03029596,0.393847484,0,-0.031509732,0,0.512568484
ATP6V1D,-0.515031325,-0.03029596,0.424143444,0,-0.03180298,0,0.512685415
ETFA,-0.393847484,-0.03029596,0.302959603,0,-0.033880928,0,0.513513949
PGM1,-0.545327285,-0.03029596,0.484735365,0,-0.040101846,0,0.515994035
FDFT1,-0.363551523,-0.03029596,0.302959603,0,-0.048123348,0,0.519191031
MGST3,-0.696807087,-0.03029596,0.545327285,0,-0.051291735,0,0.520453473
SGSH,-0.727103047,-0.03029596,0.605919206,0,-0.052782616,0,0.521047444
MBOAT2,-0.817990928,-0.03029596,0.636215166,0,-0.055279286,0,0.522042018
VNN1,-0.727103047,-0.03029596,0.515031325,0,-0.057906232,0,0.523088341
PRDX1,-0.333255563,-0.03029596,0.242367682,0,-0.06377961,0,0.525427143
DBI,-0.302959603,-0.03029596,0.242367682,0,-0.065024462,0,0.525922738
PIGG,-0.696807087,-0.03029596,0.545327285,0,-0.065210296,0,0.525996718
MMUT,-0.727103047,-0.03029596,0.575623245,0,-0.066605754,0,0.526552217
NDUFB9,-0.333255563,-0.03029596,0.242367682,0,-0.068423929,0,0.527275913
RDH12,-0.969470729,-0.03029596,0.727103047,0,-0.072361724,0,0.528842978
ATP6V1G1,-0.302959603,-0.03029596,0.242367682,0,-0.072575537,0,0.528928053
SEPHS2,-0.333255563,-0.03029596,0.242367682,0,-0.074865751,0,0.529839237
GUCY1A2,-0.545327285,-0.03029596,0.545327285,0,-0.075554928,0,0.530113402
PDE3B,-0.666511126,-0.03029596,0.575623245,0,-0.077643894,0,0.530944337
TXNRD2,-0.757399007,-0.03029596,0.636215166,0,-0.083337041,0,0.533208226
SLC1A5,-0.333255563,-0.03029596,0.242367682,0,-0.084497057,0,0.533669379
HEXA,-0.515031325,-0.03029596,0.363551523,0,-0.086964473,0,0.534650124
CA9,-0.605919206,-0.03029596,0.545327285,0,-0.087169968,0,0.534731795
CMAS,-0.515031325,-0.03029596,0.393847484,0,-0.087605942,0,0.53490506
LTA4H,-0.727103047,-0.03029596,0.545327285,0,-0.090134245,0,0.535909732
CYB5D1,-0.727103047,-0.03029596,0.575623245,0,-0.093182883,0,0.537120864
GFPT1,-0.333255563,-0.03029596,0.242367682,0,-0.093511203,0,0.537251275
ADH5,-0.424143444,-0.03029596,0.302959603,0,-0.093632753,0,0.537299555
MAN2A2,-0.787694967,-0.03029596,0.545327285,0,-0.093804748,0,0.53736787
AGPAT2,-0.787694967,-0.03029596,0.636215166,0,-0.0941616,0,0.537509606
PGM3,-0.393847484,-0.03029596,0.272663643,0,-0.102658499,0,0.540882994
NDUFA11,-0.484735365,-0.03029596,0.363551523,0,-0.109707601,0,0.543679364
NDUFS7,-0.636215166,-0.03029596,0.454439404,0,-0.115311758,0,0.545900991
ALG8,-0.696807087,-0.03029596,0.484735365,0,-0.118755663,0,0.547265532
PIGH,-0.848286888,-0.03029596,0.666511126,0,-0.121010069,0,0.54815847
COX6C,-0.333255563,-0.03029596,0.242367682,0,-0.129761244,0,0.551622337
PTPMT1,-0.575623245,-0.03029596,0.424143444,0,-0.134655933,0,0.553558042
HSD17B10,-0.484735365,-0.03029596,0.333255563,0,-0.136300967,0,0.55420832
SLC3A1,-0.575623245,-0.03029596,0.454439404,0,-0.13667223,0,0.55435506
LRP2,-0.727103047,-0.03029596,0.515031325,0,-0.143263315,0,0.556958886
SLC22A5,-0.636215166,-0.03029596,0.424143444,0,-0.143608863,0,0.557095329
AGPAT4,-0.515031325,-0.03029596,0.454439404,0,-0.158393724,0,0.562926721
CYP26A1,-0.575623245,-0.03029596,0.454439404,0,-0.16059739,0,0.563794745
SLC2A1,-0.393847484,-0.03029596,0.302959603,0,-0.165359676,0,0.565669555
PEMT,-0.666511126,-0.03029596,0.454439404,0,-0.16692276,0,0.566284588
GSTK1,-0.424143444,-0.03029596,0.302959603,0,-0.170574434,0,0.567720799
COX6A1,-0.393847484,-0.03029596,0.272663643,0,-0.178028941,0,0.570649876
AANAT,-0.575623245,-0.03029596,0.484735365,0,-0.197431062,0,0.578254888
MGST1,-0.363551523,-0.03029596,0.242367682,0,-0.212845566,0,0.584276289
B3GNT7,-0.696807087,-0.03029596,0.545327285,0,-0.216150326,0,0.585564714
HPD,-0.666511126,-0.03029596,0.484735365,0,-0.221506348,0,0.587650903
ATP6V1G2,-0.757399007,-0.03029596,0.484735365,0,-0.266149887,0,0.604938112
RDH5,-0.757399007,-0.03029596,0.545327285,0,-0.274120051,0,0.608003817
LDHC,-0.878582848,-0.03029596,0.636215166,0,-0.355290791,0,0.638814123
PLA2G2F,-0.727103047,-0.03029596,0.484735365,0,-0.362051564,0,0.641343251
GATM,-0.696807087,-0.03029596,0.515031325,0,-0.369183856,0,0.644004656
ALDH1L1,-0.727103047,-0.03029596,0.424143444,0,-0.382665949,0,0.649016268
CYP26B1,-0.696807087,-0.03029596,0.424143444,0,-0.390810798,0,0.652031453
LIPF,-0.757399007,-0.03029596,0.424143444,0,-0.395186356,0,0.653647319
GLDC,-0.727103047,-0.03029596,0.424143444,0,-0.409790598,0,0.659020218
ACACB,-0.817990928,-0.03029596,0.424143444,0,-0.412543999,0,0.660029631
INPP5D,-0.727103047,-0.03029596,0.424143444,0,-0.44121065,0,0.670469748
CA13,-0.817990928,-0.060591921,3.908178877,0,0.457809652,0,0.3235446
EHMT1,-0.787694967,-0.060591921,0.757399007,0,-0.066273925,0,0.526420129
MGLL,-0.757399007,-0.060591921,0.636215166,0,-0.081553335,0,0.532499045
ETHE1,-0.757399007,-0.060591921,0.666511126,0,-0.086159323,0,0.534330117
HSD3B7,-0.878582848,-0.060591921,0.727103047,0,-0.098570544,0,0.539260371
NAGA,-0.757399007,-0.060591921,0.666511126,0,-0.103668134,0,0.541283642
SLC6A14,-0.817990928,-0.060591921,0.696807087,0,-0.11937479,0,0.547510784
AK1,-0.787694967,-0.060591921,0.605919206,0,-0.127024021,0,0.550539307
ABCA3,-0.727103047,-0.060591921,0.605919206,0,-0.129986557,0,0.551711469
SLC7A6,-0.757399007,-0.060591921,0.605919206,0,-0.140022125,0,0.555678745
ADCY3,-0.848286888,-0.060591921,0.636215166,0,-0.142716017,0,0.556742767
ACP2,-0.878582848,-0.060591921,0.666511126,0,-0.14406441,0,0.557275196
GART,-0.757399007,-0.060591921,0.545327285,0,-0.145343754,0,0.557780265
GCSH,-0.787694967,-0.060591921,0.575623245,0,-0.145408172,0,0.557805693
ECHDC2,-0.757399007,-0.060591921,0.605919206,0,-0.147332089,0,0.558565047
SLC12A2,-0.605919206,-0.060591921,0.424143444,0,-0.147901644,0,0.558789805
PDE7A,-0.787694967,-0.060591921,0.605919206,0,-0.151286619,0,0.560125188
SLC25A20,-1.09065457,-0.060591921,0.636215166,0,-0.152433187,0,0.560577358
HLCS,-0.817990928,-0.060591921,0.605919206,0,-0.159773002,0,0.563470054
ACAA1,-0.605919206,-0.060591921,0.454439404,0,-0.169828437,0,0.567427469
MLYCD,-0.939174769,-0.060591921,0.696807087,0,-0.172767525,0,0.568582918
FH,-0.545327285,-0.060591921,0.363551523,0,-0.180944127,0,0.571794284
ATIC,-0.424143444,-0.060591921,0.302959603,0,-0.201105904,0,0.579692117
ESD,-0.424143444,-0.060591921,0.302959603,0,-0.204136242,0,0.580876483
AACS,-0.666511126,-0.060591921,0.454439404,0,-0.211628099,0,0.583801407
COX8C,-0.636215166,-0.060591921,0.484735365,0,-0.214004288,0,0.584728143
NT5C,-0.605919206,-0.060591921,0.424143444,0,-0.216872589,0,0.58584618
ACAT1,-0.545327285,-0.060591921,0.363551523,0,-0.222426815,0,0.58800918
CHSY1,-0.848286888,-0.060591921,0.545327285,0,-0.225812543,0,0.589326389
NDUFB7,-0.484735365,-0.060591921,0.302959603,0,-0.228566925,0,0.590397233
DLD,-0.484735365,-0.060591921,0.333255563,0,-0.236807128,0,0.593596789
NDUFB2,-0.393847484,-0.060591921,0.272663643,0,-0.238943634,0,0.594425355
COX6B1,-0.393847484,-0.060591921,0.242367682,0,-0.247122972,0,0.597593472
B4GALT1,-0.575623245,-0.060591921,0.333255563,0,-0.249493666,0,0.59851053
PCYT1A,-0.454439404,-0.060591921,0.272663643,0,-0.25327904,0,0.599973704
GUK1,-0.393847484,-0.060591921,0.242367682,0,-0.258345989,0,0.601930052
PDHB,-0.666511126,-0.060591921,0.454439404,0,-0.263954869,0,0.604092652
ENTPD6,-0.666511126,-0.060591921,0.424143444,0,-0.265002303,0,0.604496156
PNPO,-0.605919206,-0.060591921,0.363551523,0,-0.281770674,0,0.61094032
PTEN,-0.424143444,-0.060591921,0.242367682,0,-0.288726928,0,0.613604823
NDUFS6,-0.424143444,-0.060591921,0.272663643,0,-0.289689129,0,0.613972963
SPTLC2,-0.636215166,-0.060591921,0.393847484,0,-0.29369354,0,0.615503955
SOD1,-0.363551523,-0.060591921,0.212071722,0,-0.297231981,0,0.616855296
ATP1A1,-0.424143444,-0.060591921,0.272663643,0,-0.300081072,0,0.617942342
CHPF,-0.484735365,-0.060591921,0.272663643,0,-0.300213665,0,0.617992909
HEXB,-0.515031325,-0.060591921,0.302959603,0,-0.316992177,0,0.624375231
HSD17B4,-0.484735365,-0.060591921,0.302959603,0,-0.320681997,0,0.625774304
DLAT,-0.666511126,-0.060591921,0.363551523,0,-0.323039973,0,0.626667515
PIK3CD,-0.696807087,-0.060591921,0.545327285,0,-0.338011461,0,0.632322725
PFKFB1,-0.696807087,-0.060591921,0.484735365,0,-0.342387096,0,0.633970201
CARNS1,-0.696807087,-0.060591921,0.424143444,0,-0.356780158,0,0.639371804
SLC7A5,-0.424143444,-0.060591921,0.242367682,0,-0.360111899,0,0.640618273
HYAL3,-0.817990928,-0.060591921,0.515031325,0,-0.38713467,0,0.650671744
ST6GALNAC5,-0.696807087,-0.060591921,0.424143444,0,-0.391848605,0,0.65241496
PRODH2,-0.636215166,-0.060591921,0.424143444,0,-0.403697063,0,0.65678225
GALNT15,-0.636215166,-0.060591921,0.424143444,0,-0.408478603,0,0.658538832
GALNT5,-0.727103047,-0.060591921,0.424143444,0,-0.435054566,0,0.66823859
CYP27A1,-0.787694967,-0.060591921,0.454439404,0,-0.494663105,0,0.689581025
CYP4F2,-0.757399007,-0.060591921,0.393847484,0,-0.504428958,0,0.693020013
IDUA,-0.817990928,-0.090887881,0.757399007,0,-0.111285532,0,0.544305036
AMT,-0.757399007,-0.090887881,0.696807087,0,-0.160737931,0,0.563850093
PHYH,-0.787694967,-0.090887881,0.605919206,0,-0.174570739,0,0.569291529
COQ3,-0.787694967,-0.090887881,0.605919206,0,-0.176610762,0,0.57009293
SETDB2,-0.848286888,-0.090887881,0.636215166,0,-0.186497601,0,0.57397272
ABCC5,-0.817990928,-0.090887881,0.605919206,0,-0.192104988,0,0.576170016
GPX2,-0.787694967,-0.090887881,0.636215166,0,-0.207016712,0,0.582001596
SLC2A8,-0.817990928,-0.090887881,0.605919206,0,-0.208267009,0,0.582489755
TAT,-0.636215166,-0.090887881,0.575623245,0,-0.212599117,0,0.58418017
NNT,-0.848286888,-0.090887881,0.575623245,0,-0.218265929,0,0.586389041
DHODH,-0.878582848,-0.090887881,0.575623245,0,-0.222100862,0,0.587882317
PC,-0.757399007,-0.090887881,0.515031325,0,-0.245653737,0,0.597024856
IDS,-0.757399007,-0.090887881,0.515031325,0,-0.247699495,0,0.597816539
GNPAT,-0.787694967,-0.090887881,0.515031325,0,-0.251928308,0,0.599451761
PIGS,-0.787694967,-0.090887881,0.515031325,0,-0.265787911,0,0.604798723
PDE2A,-0.636215166,-0.090887881,0.515031325,0,-0.268561399,0,0.60586639
PIGC,-0.727103047,-0.090887881,0.454439404,0,-0.294200014,0,0.615697465
SLC5A10,-0.605919206,-0.090887881,0.484735365,0,-0.296645241,0,0.616631316
AGPAT3,-0.757399007,-0.090887881,0.484735365,0,-0.297030946,0,0.616778558
PDE8B,-0.605919206,-0.090887881,0.484735365,0,-0.300634807,0,0.618153507
P4HA1,-0.757399007,-0.090887881,0.424143444,0,-0.303295513,0,0.619167667
SLC11A1,-0.727103047,-0.090887881,0.515031325,0,-0.312191435,0,0.62255248
SLC37A1,-0.484735365,-0.090887881,0.302959603,0,-0.320849723,0,0.625837862
MAN1A1,-0.727103047,-0.090887881,0.454439404,0,-0.325634348,0,0.627649489
UROS,-0.545327285,-0.090887881,0.333255563,0,-0.331880813,0,0.63001037
SLC15A1,-0.636215166,-0.090887881,0.454439404,0,-0.334908894,0,0.631153094
TST,-0.545327285,-0.090887881,0.333255563,0,-0.338363294,0,0.632455284
GMPPA,-0.545327285,-0.090887881,0.333255563,0,-0.34556153,0,0.635163869
CRLS1,-0.515031325,-0.090887881,0.302959603,0,-0.351785806,0,0.637500548
NDUFA12,-0.727103047,-0.090887881,0.393847484,0,-0.355513566,0,0.638897558
MOGS,-0.515031325,-0.090887881,0.272663643,0,-0.369139829,0,0.643988249
NADSYN1,-0.696807087,-0.090887881,0.393847484,0,-0.370721016,0,0.644577332
SUCLG1,-0.666511126,-0.090887881,0.363551523,0,-0.375008136,0,0.646172792
NME3,-0.545327285,-0.090887881,0.302959603,0,-0.381045196,0,0.648415144
SLC27A2,-0.666511126,-0.090887881,0.363551523,0,-0.386094745,0,0.650286749
ATP1A2,-0.605919206,-0.090887881,0.424143444,0,-0.389381259,0,0.651502933
CRAT,-0.727103047,-0.090887881,0.515031325,0,-0.389527114,0,0.651556871
CBR1,-0.484735365,-0.090887881,0.272663643,0,-0.389613717,0,0.651588896
MDH1,-0.454439404,-0.090887881,0.242367682,0,-0.391005093,0,0.652103264
NAGS,-0.696807087,-0.090887881,0.484735365,0,-0.392213524,0,0.652549774
PI4KA,-0.727103047,-0.090887881,0.363551523,0,-0.407537983,0,0.658193548
CYP21A2,-0.666511126,-0.090887881,0.393847484,0,-0.413582345,0,0.660409997
ACO2,-0.575623245,-0.090887881,0.302959603,0,-0.418357742,0,0.662157211
GGT1,-0.757399007,-0.090887881,0.484735365,0,-0.421359609,0,0.663253746
HAGHL,-0.605919206,-0.090887881,0.302959603,0,-0.425399795,0,0.664727372
ECI1,-0.484735365,-0.090887881,0.242367682,0,-0.437845119,0,0.669250719
SRM,-0.484735365,-0.090887881,0.242367682,0,-0.443806287,0,0.671408679
SLC7A9,-0.636215166,-0.090887881,0.393847484,0,-0.444249854,0,0.671569024
VNN2,-0.666511126,-0.090887881,0.393847484,0,-0.444529378,0,0.671670053
HADHA,-0.484735365,-0.090887881,0.242367682,0,-0.44490288,0,0.671805029
ACMSD,-0.636215166,-0.090887881,0.393847484,0,-0.445230519,0,0.671923413
PPCS,-0.484735365,-0.090887881,0.272663643,0,-0.447370831,0,0.672696333
MSMO1,-0.545327285,-0.090887881,0.302959603,0,-0.449462141,0,0.673450844
COX7A2,-0.393847484,-0.090887881,0.212071722,0,-0.455446644,0,0.675606027
ABCC8,-0.757399007,-0.090887881,0.484735365,0,-0.46336966,0,0.678450289
CMPK1,-0.454439404,-0.090887881,0.212071722,0,-0.463683132,0,0.678562608
PNP,-0.484735365,-0.090887881,0.272663643,0,-0.476068454,0,0.682987195
SLC38A1,-0.424143444,-0.090887881,0.212071722,0,-0.477499959,0,0.683496925
DGUOK,-0.484735365,-0.090887881,0.242367682,0,-0.478052314,0,0.683693514
NDUFA7,-0.605919206,-0.090887881,0.302959603,0,-0.481847005,0,0.685042683
PAFAH1B2,-0.515031325,-0.090887881,0.242367682,0,-0.486941106,0,0.686849966
GSTP1,-0.696807087,-0.090887881,0.393847484,0,-0.498015951,0,0.6907636
HMGCS2,-0.757399007,-0.090887881,0.393847484,0,-0.498928506,0,0.691085124
ATP5F1B,-0.363551523,-0.090887881,0.181775762,0,-0.520411329,0,0.698611542
ATP5PB,-0.484735365,-0.090887881,0.212071722,0,-0.531519133,0,0.702470457
ATP6V0E1,-0.454439404,-0.090887881,0.212071722,0,-0.548745361,0,0.708409894
AHCY,-0.454439404,-0.090887881,0.212071722,0,-0.58134818,0,0.719497093
MTHFD2,-0.363551523,-0.090887881,0.151479801,0,-0.596199757,0,0.724479106
PLCG2,-0.908878809,-0.121183841,0.666511126,0,-0.171602883,0,0.568125129
PIPOX,-0.636215166,-0.121183841,0.545327285,0,-0.239079589,0,0.594478066
RDH16,-0.969470729,-0.121183841,0.636215166,0,-0.261618777,0,0.603192317
GK,-0.878582848,-0.121183841,0.636215166,0,-0.277867541,0,0.609442979
NANP,-0.939174769,-0.121183841,0.666511126,0,-0.28081095,0,0.610572298
ATP6V0A2,-0.787694967,-0.121183841,0.515031325,0,-0.290609946,0,0.614325174
UST,-0.908878809,-0.121183841,0.605919206,0,-0.292138392,0,0.614909593
GUCY1B2,-1.151246491,-0.121183841,0.575623245,0,-0.305897877,0,0.620158799
FAH,-0.817990928,-0.121183841,0.515031325,0,-0.307511893,0,0.620773114
DGKE,-0.878582848,-0.121183841,0.575623245,0,-0.327385449,0,0.628311815
B3GALT6,-0.878582848,-0.121183841,0.575623245,0,-0.331121626,0,0.629723692
PRPS2,-0.878582848,-0.121183841,0.515031325,0,-0.346032732,0,0.635340942
NDUFA9,-0.908878809,-0.121183841,0.515031325,0,-0.350545354,0,0.637035271
ECI2,-1.03006265,-0.121183841,0.575623245,0,-0.354979595,0,0.638697561
CEL,-0.696807087,-0.121183841,0.484735365,0,-0.386568216,0,0.650462054
ALDH9A1,-0.727103047,-0.121183841,0.424143444,0,-0.393029217,0,0.652851049
P4HA2,-0.696807087,-0.121183841,0.393847484,0,-0.41913325,0,0.662440624
GSS,-0.727103047,-0.121183841,0.393847484,0,-0.422434019,0,0.663645874
B3GNT5,-0.939174769,-0.121183841,0.666511126,0,-0.422852595,0,0.663798594
ALDH7A1,-0.727103047,-0.121183841,0.393847484,0,-0.433706412,0,0.667749175
ABCC2,-0.848286888,-0.121183841,0.454439404,0,-0.437787194,0,0.669229722
MTHFD1L,-0.575623245,-0.121183841,0.302959603,0,-0.437973645,0,0.669297306
PDE8A,-0.696807087,-0.121183841,0.363551523,0,-0.446863194,0,0.67251308
IMPDH2,-0.575623245,-0.121183841,0.302959603,0,-0.463436101,0,0.678474096
SLC30A1,-0.666511126,-0.121183841,0.363551523,0,-0.466088524,0,0.679423931
GCNT3,-0.636215166,-0.121183841,0.393847484,0,-0.472665803,0,0.681774186
HNMT,-0.575623245,-0.121183841,0.302959603,0,-0.474729147,0,0.68250998
NUDT5,-0.636215166,-0.121183841,0.302959603,0,-0.478540544,0,0.683867238
BDH1,-0.575623245,-0.121183841,0.302959603,0,-0.479473057,0,0.684198934
UQCRC1,-0.636215166,-0.121183841,0.333255563,0,-0.489107349,0,0.687617151
GALNT3,-0.575623245,-0.121183841,0.302959603,0,-0.509808603,0,0.694907221
CBS,-0.515031325,-0.121183841,0.242367682,0,-0.522402508,0,0.699304945
HADH,-0.727103047,-0.121183841,0.333255563,0,-0.526414759,0,0.700699968
IDI1,-0.515031325,-0.121183841,0.242367682,0,-0.532430961,0,0.702786227
DPYSL2,-0.545327285,-0.121183841,0.272663643,0,-0.555284238,0,0.710649871
AKR7A2,-0.575623245,-0.121183841,0.242367682,0,-0.581912547,0,0.719687206
ETNPPL,-0.757399007,-0.121183841,0.363551523,0,-0.595223028,0,0.7241528
HK1,-0.575623245,-0.121183841,0.242367682,0,-0.59590027,0,0.724379074
ATP6V1H,-0.575623245,-0.121183841,0.242367682,0,-0.596014026,0,0.724417072
UQCR10,-0.454439404,-0.121183841,0.181775762,0,-0.597790006,0,0.72500997
FDPS,-0.575623245,-0.121183841,0.242367682,0,-0.60839403,0,0.728536915
SLC7A1,-0.454439404,-0.121183841,0.181775762,0,-0.620337576,0,0.73248222
TXNRD1,-0.484735365,-0.121183841,0.212071722,0,-0.630344685,0,0.735765453
ENO1,-0.393847484,-0.121183841,0.151479801,0,-0.739540729,0,0.770210641
NDUFB10,-0.393847484,-0.121183841,0.151479801,0,-0.756464237,0,0.775314547
AKR1A1,-0.454439404,-0.121183841,0.151479801,0,-0.759200983,0,0.776133831
ATP6V0B,-0.454439404,-0.121183841,0.151479801,0,-0.76800216,0,0.778757049
PKM,-0.393847484,-0.121183841,0.121183841,0,-0.777258745,0,0.781496935
PPA1,-0.454439404,-0.121183841,0.151479801,0,-0.78766969,0,0.784555031
CYP19A1,-0.969470729,-0.121183841,0.333255563,0,-0.852790015,0,0.803112119
DGKG,-0.817990928,-0.151479801,3.877882917,0,0.406200043,0,0.342297811
SARDH,-0.727103047,-0.151479801,2.726636426,0,-0.191600255,0,0.575972329
PGAM1,-0.878582848,-0.151479801,0.636215166,0,-0.309718628,0,0.621612532
FMO5,-0.908878809,-0.151479801,0.605919206,0,-0.324078443,0,0.627060677
ATP6V1E2,-0.878582848,-0.151479801,0.575623245,0,-0.339484332,0,0.632877551
DHFR,-0.969470729,-0.151479801,0.575623245,0,-0.357317977,0,0.639573113
FMO4,-0.817990928,-0.151479801,0.575623245,0,-0.361805186,0,0.641251192
INPP5A,-0.969470729,-0.151479801,0.575623245,0,-0.37763043,0,0.647147422
PLCB4,-0.969470729,-0.151479801,0.545327285,0,-0.386429093,0,0.650410547
SYNJ2,-0.848286888,-0.151479801,0.515031325,0,-0.388216734,0,0.651072175
LPO,-0.757399007,-0.151479801,0.484735365,0,-0.426430176,0,0.665102792
ATP2B4,-0.848286888,-0.151479801,0.515031325,0,-0.429587403,0,0.666252099
NAGLU,-0.817990928,-0.151479801,0.454439404,0,-0.436061126,0,0.66860381
HAS3,-0.787694967,-0.151479801,0.484735365,0,-0.461919559,0,0.677930496
PIGP,-0.757399007,-0.151479801,0.393847484,0,-0.469205909,0,0.680538769
ENO2,-1.151246491,-0.151479801,0.515031325,0,-0.490918091,0,0.688257809
GPAT4,-0.727103047,-0.151479801,0.363551523,0,-0.514158334,0,0.696429352
AMDHD2,-0.787694967,-0.151479801,0.393847484,0,-0.527305953,0,0.70100943
MAT2B,-0.666511126,-0.151479801,0.302959603,0,-0.566176839,0,0.714363214
CHKA,-0.787694967,-0.151479801,0.363551523,0,-0.568290822,0,0.715081245
AK7,-0.757399007,-0.151479801,0.393847484,0,-0.569806049,0,0.715595374
PIK3C2A,-0.696807087,-0.151479801,0.333255563,0,-0.577009922,0,0.718033623
KMT2C,-0.787694967,-0.151479801,0.333255563,0,-0.597600901,0,0.724946868
ACAD9,-0.727103047,-0.151479801,0.333255563,0,-0.598641354,0,0.725293963
SLC6A3,-0.727103047,-0.151479801,0.363551523,0,-0.60249451,0,0.726577492
AOC1,-0.757399007,-0.151479801,0.363551523,0,-0.631881416,0,0.736267816
HCST,-0.787694967,-0.151479801,0.363551523,0,-0.647693498,0,0.741408395
GLRX2,-0.787694967,-0.151479801,0.302959603,0,-0.655395427,0,0.743893402
ALOX12B,-3.605219274,-0.151479801,2.969004108,0,-0.673573899,0,0.749708874
PIGA,-0.545327285,-0.151479801,0.242367682,0,-0.684133392,0,0.753054531
NT5C2,-0.484735365,-0.151479801,0.212071722,0,-0.686235025,0,0.753717543
AK2,-0.545327285,-0.151479801,0.212071722,0,-0.68959423,0,0.754775301
ALDH18A1,-0.545327285,-0.151479801,0.212071722,0,-0.699005774,0,0.757725789
NIT2,-0.605919206,-0.151479801,0.212071722,0,-0.703951438,0,0.759268492
ATP6V1F,-0.515031325,-0.151479801,0.212071722,0,-0.716395014,0,0.763126264
COX7B,-0.515031325,-0.151479801,0.181775762,0,-0.75238916,0,0.774091468
ATP6V1E1,-0.484735365,-0.151479801,0.151479801,0,-0.809073938,0,0.790763691
NDUFA1,-0.545327285,-0.151479801,0.181775762,0,-0.841691058,0,0.800019548
PDXK,-0.515031325,-0.151479801,0.151479801,0,-0.869532549,0,0.807722044
DHCR24,-0.484735365,-0.151479801,0.151479801,0,-0.919315029,0,0.821034591
DHCR7,-0.515031325,-0.151479801,0.151479801,0,-0.928423479,0,0.823406028
NME1,-0.484735365,-0.151479801,0.151479801,0,-0.932234532,0,0.824392333
UQCRQ,-0.454439404,-0.151479801,0.121183841,0,-0.967128529,0,0.833260107
P4HB,-0.393847484,-0.151479801,0.090887881,0,-1.006971603,0,0.84302579
COX4I1,-0.424143444,-0.151479801,0.090887881,0,-1.026052072,0,0.84756648
CPT1C,-0.757399007,-0.181775762,2.726636426,0,-0.3490096,0,0.636458949
MAN1B1,-0.908878809,-0.181775762,0.575623245,0,-0.393483349,0,0.65301874
PIGF,-0.848286888,-0.181775762,0.575623245,0,-0.396808276,0,0.654245576
PLA2G6,-0.787694967,-0.181775762,0.575623245,0,-0.401274228,0,0.655890882
MIP,-0.848286888,-0.181775762,0.545327285,0,-0.429644928,0,0.666273025
ST6GALNAC2,-0.969470729,-0.181775762,0.545327285,0,-0.429667649,0,0.66628129
SLC4A3,-0.727103047,-0.181775762,0.545327285,0,-0.438363176,0,0.669438482
ARSA,-0.908878809,-0.181775762,0.515031325,0,-0.438742293,0,0.669575861
PAFAH2,-0.908878809,-0.181775762,0.515031325,0,-0.459444648,0,0.677042554
ATP6V1C2,-1.03006265,-0.181775762,0.545327285,0,-0.461794586,0,0.677885683
PCBD2,-0.969470729,-0.181775762,0.575623245,0,-0.463638221,0,0.678546517
SLC25A13,-0.878582848,-0.181775762,0.484735365,0,-0.480346049,0,0.684509325
DGKH,-0.939174769,-0.181775762,0.515031325,0,-0.480627441,0,0.684609346
HACL1,-0.908878809,-0.181775762,0.484735365,0,-0.485972505,0,0.68650667
SLC25A22,-0.969470729,-0.181775762,0.515031325,0,-0.491184559,0,0.68835204
SDSL,-0.848286888,-0.181775762,0.484735365,0,-0.493264603,0,0.689087182
ACAD8,-0.878582848,-0.181775762,0.454439404,0,-0.496125362,0,0.690097017
SLC19A1,-0.878582848,-0.181775762,0.484735365,0,-0.509238164,0,0.694707352
SUOX,-1.211838411,-0.181775762,0.515031325,0,-0.52539891,0,0.700347044
PLCB3,-0.939174769,-0.181775762,0.484735365,0,-0.529943758,0,0.701924537
ENTPD8,-0.848286888,-0.181775762,0.484735365,0,-0.543456094,0,0.706592093
GMPS,-0.787694967,-0.181775762,0.393847484,0,-0.550061385,0,0.708861364
PTGES,-0.727103047,-0.181775762,0.424143444,0,-0.559720924,0,0.712165096
SLC29A1,-0.908878809,-0.181775762,0.393847484,0,-0.583612953,0,0.720259628
SUCLG2,-0.878582848,-0.181775762,0.393847484,0,-0.599690256,0,0.725643658
TYRP1,-0.727103047,-0.181775762,0.393847484,0,-0.607769996,0,0.728329984
SLCO2B1,-0.757399007,-0.181775762,0.393847484,0,-0.613020452,0,0.730068592
AGPAT5,-0.999766689,-0.181775762,0.393847484,0,-0.636115128,0,0.737649307
PPAT,-0.757399007,-0.181775762,0.302959603,0,-0.668873571,0,0.748211935
GALE,-0.727103047,-0.181775762,0.302959603,0,-0.722992682,0,0.76515781
PAFAH1B1,-0.636215166,-0.181775762,0.242367682,0,-0.745269154,0,0.771945488
ENPP1,-0.636215166,-0.181775762,0.242367682,0,-0.75176347,0,0.773903343
NSF,-0.817990928,-0.181775762,0.272663643,0,-0.757979377,0,0.775768336
NDUFA2,-0.605919206,-0.181775762,0.242367682,0,-0.759363176,0,0.776182333
HMOX2,-0.605919206,-0.181775762,0.212071722,0,-0.771389016,0,0.779761808
NDUFS4,-0.696807087,-0.181775762,0.242367682,0,-0.77523064,0,0.780898307
GCLC,-0.666511126,-0.181775762,0.242367682,0,-0.775461506,0,0.780966498
GRHPR,-0.727103047,-0.181775762,0.242367682,0,-0.801694424,0,0.788635129
ATP1B3,-0.636215166,-0.181775762,0.212071722,0,-0.826720294,0,0.795802192
PIGT,-0.575623245,-0.181775762,0.181775762,0,-0.847907201,0,0.801755173
COX5B,-0.484735365,-0.181775762,0.151479801,0,-0.923601759,0,0.822153151
ACADVL,-0.545327285,-0.181775762,0.151479801,0,-0.926794482,0,0.822983375
SDHB,-0.605919206,-0.181775762,0.151479801,0,-1.005655781,0,0.84270941
CS,-0.515031325,-0.181775762,0.121183841,0,-1.021668249,0,0.846531028
ECHS1,-0.515031325,-0.181775762,0.121183841,0,-1.042230834,0,0.851347665
TALDO1,-0.545327285,-0.181775762,0.121183841,0,-1.057957452,0,0.85496258
PYCR1,-0.515031325,-0.181775762,0.121183841,0,-1.093824634,0,0.862984051
GAPDH,-0.484735365,-0.181775762,0.090887881,0,-1.187111221,0,0.882408124
SLC3A2,-0.454439404,-0.181775762,0.090887881,0,-1.218942771,0,0.888567043
SHMT2,-0.484735365,-0.181775762,0.090887881,0,-1.248576389,0,0.894089974
COX8A,-0.454439404,-0.181775762,0.060591921,0,-1.386271087,0,0.917167929
CA8,-0.969470729,-0.212071722,0.605919206,0,-0.419093686,0,0.662426167
CPT1B,-0.939174769,-0.212071722,2.575156624,0,-0.457836923,0,0.676465197
PTGS1,-0.878582848,-0.212071722,2.999300068,0,-0.466597496,0,0.679606061
GALNT12,-1.09065457,-0.212071722,0.575623245,0,-0.473413278,0,0.682040821
RWDD2A,-0.939174769,-0.212071722,0.515031325,0,-0.495144766,0,0.689751032
SDR16C5,-1.06035861,-0.212071722,0.545327285,0,-0.530875096,0,0.702247332
ALDH3A1,-0.787694967,-0.212071722,0.484735365,0,-0.532206749,0,0.702708595
NMNAT3,-0.817990928,-0.212071722,0.484735365,0,-0.542170516,0,0.706149478
MT-ND6,-0.757399007,-0.212071722,0.545327285,0,-0.542823042,0,0.706374176
HS6ST2,-0.999766689,-0.212071722,0.484735365,0,-0.551670588,0,0.709412968
ALDH5A1,-0.939174769,-0.212071722,0.454439404,0,-0.555430278,0,0.710699806
SLC5A2,-0.817990928,-0.212071722,0.454439404,0,-0.563781959,0,0.713548734
CKMT1A,-0.878582848,-0.212071722,0.454439404,0,-0.569083206,0,0.715350163
PNPLA4,-0.999766689,-0.212071722,0.484735365,0,-0.573033257,0,0.716688912
H6PD,-0.878582848,-0.212071722,0.454439404,0,-0.576637711,0,0.717907891
SLC16A10,-0.908878809,-0.212071722,0.515031325,0,-0.588430736,0,0.721878394
ACYP2,-0.848286888,-0.212071722,0.424143444,0,-0.588855737,0,0.722020974
PIGN,-0.999766689,-0.212071722,0.484735365,0,-0.591843016,0,0.723022142
CYBRD1,-0.939174769,-0.212071722,0.484735365,0,-0.592901375,0,0.723376421
ATP1A3,-0.757399007,-0.212071722,0.424143444,0,-0.60554871,0,0.727592765
HGD,-0.969470729,-0.212071722,0.454439404,0,-0.608248554,0,0.728488682
HIBADH,-0.878582848,-0.212071722,0.393847484,0,-0.610314154,0,0.729173139
SLC13A3,-0.939174769,-0.212071722,0.424143444,0,-0.625543745,0,0.734192877
LTC4S,-0.787694967,-0.212071722,0.393847484,0,-0.640684042,0,0.739136008
MAT1A,-0.817990928,-0.212071722,0.393847484,0,-0.653716287,0,0.743352696
B3GNT2,-0.848286888,-0.212071722,0.333255563,0,-0.680963369,0,0.752052665
PAPSS2,-0.787694967,-0.212071722,0.333255563,0,-0.700775663,0,0.758278486
AKR1C4,-0.666511126,-0.212071722,0.333255563,0,-0.701326566,0,0.758450381
MTHFS,-0.787694967,-0.212071722,0.302959603,0,-0.729312871,0,0.767094849
PAFAH1B3,-0.787694967,-0.212071722,0.333255563,0,-0.735156743,0,0.76887798
TPH1,-0.817990928,-0.212071722,0.333255563,0,-0.751905659,0,0.773946103
KDSR,-1.151246491,-0.212071722,0.363551523,0,-0.766728941,0,0.778378654
DECR1,-0.817990928,-0.212071722,0.272663643,0,-0.823998348,0,0.795029752
DCXR,-0.727103047,-0.212071722,0.242367682,0,-0.853838539,0,0.803402771
CYP1B1,-0.727103047,-0.212071722,0.242367682,0,-0.875876377,0,0.809451378
OGA,-0.727103047,-0.212071722,0.242367682,0,-0.885271315,0,0.811994842
NDUFB11,-0.636215166,-0.212071722,0.181775762,0,-0.923695138,0,0.822177468
PGLS,-0.666511126,-0.212071722,0.212071722,0,-0.923839284,0,0.822215001
PYCR2,-0.636215166,-0.212071722,0.181775762,0,-0.935338645,0,0.825193097
SLC25A11,-0.696807087,-0.212071722,0.212071722,0,-0.941957328,0,0.826892756
CYP1A1,-0.908878809,-0.212071722,0.272663643,0,-0.959853818,0,0.831435604
NDUFS3,-0.636215166,-0.212071722,0.181775762,0,-0.963456794,0,0.832340832
PTS,-0.636215166,-0.212071722,0.151479801,0,-1.016715297,0,0.845355557
GLO1,-0.666511126,-0.212071722,0.181775762,0,-1.02909833,0,0.848283265
IDH2,-0.605919206,-0.212071722,0.151479801,0,-1.036201302,0,0.84994588
PHGDH,-0.605919206,-0.212071722,0.151479801,0,-1.050205467,0,0.853188172
ACSL3,-0.636215166,-0.212071722,0.151479801,0,-1.081978321,0,0.860368919
ASNS,-0.575623245,-0.212071722,0.121183841,0,-1.102117537,0,0.864794712
PGD,-0.545327285,-0.212071722,0.121183841,0,-1.12487491,0,0.869678977
SLC33A1,-0.605919206,-0.212071722,0.121183841,0,-1.149229691,0,0.87476936
CTSA,-0.605919206,-0.212071722,0.121183841,0,-1.164075775,0,0.877803348
BLVRB,-0.575623245,-0.212071722,0.090887881,0,-1.296364472,0,0.902575027
NANS,-0.575623245,-0.212071722,0.090887881,0,-1.360325724,0,0.913136564
DDC,-3.059891989,-0.242367682,3.574923314,0,0.200673111,0,0.420477093
NEU4,-0.939174769,-0.242367682,3.241667751,0,-0.524480171,0,0.700027696
PLCD3,-0.969470729,-0.242367682,0.484735365,0,-0.566734617,0,0.714552751
PAOX,-0.787694967,-0.242367682,0.454439404,0,-0.592843617,0,0.723357093
ABCA4,-0.817990928,-0.242367682,0.454439404,0,-0.596456992,0,0.724565012
PRODH,-1.211838411,-0.242367682,0.545327285,0,-0.601570234,0,0.726269876
ACADS,-0.999766689,-0.242367682,0.484735365,0,-0.605556915,0,0.72759549
PRPS1,-0.999766689,-0.242367682,0.484735365,0,-0.609126611,0,0.72877974
ST3GAL2,-0.848286888,-0.242367682,0.454439404,0,-0.616006181,0,0.73105478
UCK1,-0.969470729,-0.242367682,0.424143444,0,-0.644095927,0,0.740243384
PGS1,-0.999766689,-0.242367682,0.484735365,0,-0.645993366,0,0.740858174
FBP2,-0.817990928,-0.242367682,0.363551523,0,-0.653877406,0,0.743404604
CYP4X1,-0.939174769,-0.242367682,0.424143444,0,-0.690415241,0,0.755033452
AMPD2,-0.969470729,-0.242367682,0.393847484,0,-0.690628324,0,0.755100429
MVK,-0.939174769,-0.242367682,0.424143444,0,-0.692499403,0,0.75568812
SLCO4A1,-0.999766689,-0.242367682,0.393847484,0,-0.716361302,0,0.763115858
AHCYL2,-0.999766689,-0.242367682,0.393847484,0,-0.72955766,0,0.767169695
PPT2,-0.969470729,-0.242367682,0.393847484,0,-0.740728633,0,0.770571003
PLD2,-0.878582848,-0.242367682,0.363551523,0,-0.791363048,0,0.785633917
UAP1,-0.969470729,-0.242367682,0.302959603,0,-0.84850134,0,0.801920587
CYP4F12,-0.787694967,-0.242367682,0.302959603,0,-0.863790541,0,0.806148517
HPRT1,-0.817990928,-0.242367682,0.212071722,0,-1.002465623,0,0.841940619
PI4KB,-0.666511126,-0.242367682,0.181775762,0,-1.048253114,0,0.852738997
PTGES2,-0.757399007,-0.242367682,0.181775762,0,-1.073132877,0,0.858394249
NDUFV1,-0.636215166,-0.242367682,0.151479801,0,-1.101517008,0,0.864664147
NEU1,-0.636215166,-0.242367682,0.151479801,0,-1.157078619,0,0.876379879
PIP4K2C,-0.696807087,-0.242367682,0.151479801,0,-1.163989889,0,0.877785945
GPAA1,-0.666511126,-0.242367682,0.151479801,0,-1.175535301,0,0.880109689
TKT,-0.696807087,-0.242367682,0.121183841,0,-1.230858769,0,0.890812155
NDUFA13,-0.666511126,-0.242367682,0.121183841,0,-1.260504093,0,0.896256214
ATP5MC1,-0.605919206,-0.242367682,0.090887881,0,-1.329749335,0,0.908199563
UQCRFS1,-0.636215166,-0.242367682,0.090887881,0,-1.332457376,0,0.908645031
NAA10,-0.575623245,-0.242367682,0.090887881,0,-1.368265263,0,0.91438547
GGCT,-0.575623245,-0.242367682,0.060591921,0,-1.429623132,0,0.923587394
PIGZ,-0.969470729,-0.272663643,3.12048391,0,-0.518667717,0,0.698003761
DPYD,-0.878582848,-0.272663643,0.515031325,0,-0.543842117,0,0.706724938
MTHFD2L,-1.03006265,-0.272663643,0.484735365,0,-0.633614962,0,0.736833933
SLC8A1,-0.817990928,-0.272663643,0.424143444,0,-0.641079744,0,0.739264563
DGAT1,-0.999766689,-0.272663643,0.454439404,0,-0.669217951,0,0.748321771
GALNT11,-1.03006265,-0.272663643,0.454439404,0,-0.670471105,0,0.74872124
KMO,-1.09065457,-0.272663643,0.484735365,0,-0.687695818,0,0.754177823
CHST7,-0.999766689,-0.272663643,0.454439404,0,-0.712373173,0,0.761883138
TDO2,-0.848286888,-0.272663643,0.424143444,0,-0.713836455,0,0.762335843
PDE11A,-0.878582848,-0.272663643,0.424143444,0,-0.717043813,0,0.763326468
FCSK,-0.999766689,-0.272663643,0.424143444,0,-0.718219728,0,0.763689092
CES2,-1.181542451,-0.272663643,0.424143444,0,-0.724660593,0,0.765669862
PSAT1,-0.969470729,-0.272663643,0.393847484,0,-0.737332487,0,0.76953991
PYGL,-3.029596029,-0.272663643,2.878116227,0,-0.743466578,0,0.771400375
SLC2A4,-0.848286888,-0.272663643,0.424143444,0,-0.759360396,0,0.776181501
CHST1,-0.878582848,-0.272663643,0.363551523,0,-0.76688352,0,0.778424614
AMPD3,-0.878582848,-0.272663643,0.424143444,0,-0.768560615,0,0.778922903
RENBP,-0.878582848,-0.272663643,0.363551523,0,-0.803427908,0,0.789136275
ABCB4,-0.878582848,-0.272663643,0.363551523,0,-0.804755937,0,0.789519733
PFKP,-1.06035861,-0.272663643,0.363551523,0,-0.807623216,0,0.790346241
PIK3R2,-0.878582848,-0.272663643,0.302959603,0,-0.853116805,0,0.803202734
AMY2B,-0.787694967,-0.272663643,0.302959603,0,-0.909316211,0,0.818408382
PLOD3,-0.908878809,-0.272663643,0.272663643,0,-0.920672523,0,0.821389287
ATP8A1,-0.817990928,-0.272663643,0.302959603,0,-0.924236723,0,0.82231846
PCCB,-0.908878809,-0.272663643,0.272663643,0,-0.933669037,0,0.824762679
ACOT4,-0.878582848,-0.272663643,0.242367682,0,-0.966131442,0,0.833010794
COMTD1,-0.817990928,-0.272663643,0.242367682,0,-0.972451381,0,0.834586979
MANBA,-1.03006265,-0.272663643,0.242367682,0,-0.997682346,0,0.840783292
GUSB,-0.939174769,-0.272663643,0.242367682,0,-1.015231516,0,0.84500226
SLC5A6,-1.120950531,-0.272663643,0.242367682,0,-1.036519625,0,0.850020106
SDHD,-0.817990928,-0.272663643,0.212071722,0,-1.054113811,0,0.854084593
NT5C3A,-0.817990928,-0.272663643,0.181775762,0,-1.075816155,0,0.858995257
UEVLD,-0.939174769,-0.272663643,0.181775762,0,-1.131688153,0,0.871117218
SLC6A9,-0.848286888,-0.272663643,0.181775762,0,-1.135751195,0,0.871969646
HAGH,-0.817990928,-0.272663643,0.181775762,0,-1.155947513,0,0.876148687
ITPA,-0.817990928,-0.272663643,0.151479801,0,-1.166623529,0,0.878318782
NDUFV2,-0.727103047,-0.272663643,0.151479801,0,-1.171963568,0,0.879394158
CDIPT,-0.757399007,-0.272663643,0.121183841,0,-1.216099203,0,0.888026433
MGAT2,-0.727103047,-0.272663643,0.151479801,0,-1.229620991,0,0.890580467
SLC9A1,-0.727103047,-0.272663643,0.121183841,0,-1.239931219,0,0.892499582
DCTPP1,-0.696807087,-0.272663643,0.121183841,0,-1.322007153,0,0.906917115
PYGB,-0.696807087,-0.272663643,0.090887881,0,-1.438140951,0,0.924802967
LDHA,-0.605919206,-0.272663643,0.060591921,0,-1.475381447,0,0.92994499
SLC25A1,-0.666511126,-0.272663643,0.060591921,0,-1.4920988,0,0.932163377
PCK2,-0.636215166,-0.272663643,0.060591921,0,-1.521249643,0,0.935901399
FUCA2,-0.605919206,-0.272663643,0.060591921,0,-1.546604923,0,0.939020729
CYC1,-0.636215166,-0.272663643,0.03029596,0,-1.641858883,0,0.949690374
ACSL4,-2.999300068,-0.302959603,2.969004108,0,-0.307171529,0,0.620643592
ETNK2,-1.120950531,-0.302959603,0.696807087,0,-0.560211411,0,0.712332378
UGT2B10,-0.848286888,-0.302959603,0.605919206,0,-0.592450802,0,0.723225622
ARG2,-1.09065457,-0.302959603,0.515031325,0,-0.626793952,0,0.734602846
MGAT4A,-1.03006265,-0.302959603,0.515031325,0,-0.662967935,0,0.746324455
AKR1D1,-0.787694967,-0.302959603,0.424143444,0,-0.724189949,0,0.765525436
NDUFS2,-0.999766689,-0.302959603,0.393847484,0,-0.77359617,0,0.780415181
SLC9A2,-1.03006265,-0.302959603,0.424143444,0,-0.790222701,0,0.78530114
GGT6,-1.06035861,-0.302959603,0.424143444,0,-0.797681026,0,0.787472191
HMOX1,-1.181542451,-0.302959603,0.424143444,0,-0.805038457,0,0.789601256
SLC24A2,-0.908878809,-0.302959603,0.393847484,0,-0.811346288,0,0.791416582
ACY3,-0.848286888,-0.302959603,0.333255563,0,-0.881552438,0,0.810990557
ADA,-0.878582848,-0.302959603,0.302959603,0,-0.908644993,0,0.818231226
SLC5A5,-0.908878809,-0.302959603,0.333255563,0,-0.914773654,0,0.819844766
SGMS1,-0.969470729,-0.302959603,0.272663643,0,-0.955732821,0,0.830396382
ADCY5,-0.969470729,-0.302959603,0.333255563,0,-0.962536316,0,0.832109865
DNMT1,-0.969470729,-0.302959603,0.272663643,0,-0.977477215,0,0.835833524
DEGS1,-0.999766689,-0.302959603,0.242367682,0,-1.020847804,0,0.846336724
CA12,-0.878582848,-0.302959603,0.242367682,0,-1.034610721,0,0.849574627
PIGO,-1.09065457,-0.302959603,0.242367682,0,-1.042657849,0,0.851446607
NDUFB3,-0.878582848,-0.302959603,0.242367682,0,-1.049179058,0,0.852952142
GNPDA1,-0.908878809,-0.302959603,0.212071722,0,-1.096780407,0,0.863631301
CHPT1,-0.939174769,-0.302959603,0.181775762,0,-1.149544245,0,0.874834183
EBP,-0.757399007,-0.302959603,0.090887881,0,-1.363353741,0,0.913614474
FADS1,-0.727103047,-0.302959603,0.090887881,0,-1.413746506,0,0.921281827
NAGK,-0.787694967,-0.302959603,0.060591921,0,-1.498377687,0,0.932982425
SAT1,-0.727103047,-0.302959603,0.060591921,0,-1.499818686,0,0.933169312
PTGES3,-0.575623245,-0.302959603,-0.060591921,-0.060591921,-2.201415941,-0.272898748,0.986146704
SPHK1,-0.999766689,-0.333255563,0.454439404,0,-0.759319962,0,0.77616941
ACSS1,-1.09065457,-0.333255563,0.454439404,0,-0.797149656,0,0.78731794
ENPP3,-0.908878809,-0.333255563,0.333255563,0,-0.803818114,0,0.789248986
CD36,-2.241901061,-0.333255563,2.787228346,0,-0.806869326,0,0.790129114
SLC25A12,-1.09065457,-0.333255563,0.424143444,0,-0.832481876,0,0.797431498
HS6ST1,-1.09065457,-0.333255563,0.393847484,0,-0.848174289,0,0.801829543
SLC25A26,-1.03006265,-0.333255563,0.363551523,0,-0.873111667,0,0.808698892
AMACR,-0.969470729,-0.333255563,0.363551523,0,-0.87594241,0,0.809469329
DEGS2,-1.120950531,-0.333255563,0.363551523,0,-0.910246777,0,0.81865381
SLC24A1,-1.03006265,-0.333255563,0.333255563,0,-0.920196009,0,0.82126483
AGL,-1.03006265,-0.333255563,0.333255563,0,-0.929947729,0,0.823800925
UROD,-0.999766689,-0.333255563,0.333255563,0,-0.953187646,0,0.829752498
CYP4Z1,-0.908878809,-0.333255563,0.333255563,0,-0.962638252,0,0.832135453
PDE6D,-1.06035861,-0.333255563,0.333255563,0,-0.970305122,0,0.834052788
PYGM,-0.878582848,-0.333255563,0.333255563,0,-0.983828954,0,0.83740019
GLYCTK,-0.878582848,-0.333255563,0.272663643,0,-1.089772999,0,0.862093425
TH,-0.939174769,-0.333255563,0.212071722,0,-1.18391864,0,0.881777365
SLC16A7,-3.484035433,-0.333255563,0.272663643,0,-1.261754627,0,0.896481453
PDHA1,-0.848286888,-0.333255563,0.151479801,0,-1.323229988,0,0.907120547
B3GAT3,-0.848286888,-0.333255563,0.090887881,0,-1.476237396,0,0.930059913
TPI1,-0.696807087,-0.333255563,-0.03029596,-0.03029596,-2.091806633,-0.153406779,0.981772092
SLC25A5,-0.605919206,-0.333255563,-0.090887881,-0.090887881,-2.58334415,-0.746489737,0.995107617
CYP2E1,-2.969004108,-0.363551523,3.18107583,0,-0.800032722,0,0.788154081
B3GAT2,-0.908878809,-0.363551523,0.393847484,0,-0.836277239,0,0.798500523
ADCY7,-0.908878809,-0.363551523,0.817990928,0,-0.898989734,0,0.815670936
MDH1B,-0.878582848,-0.363551523,0.363551523,0,-0.905653784,0,0.817440434
PIK3R1,-1.211838411,-0.363551523,0.363551523,0,-0.917256671,0,0.820495922
GLUD2,-0.939174769,-0.363551523,0.333255563,0,-0.96827544,0,0.833546586
SGPP2,-1.120950531,-0.363551523,0.333255563,0,-0.984232242,0,0.837499332
PMM1,-1.09065457,-0.363551523,0.333255563,0,-0.985204751,0,0.837738246
IP6K1,-0.999766689,-0.363551523,0.333255563,0,-0.988626633,0,0.838577075
SLC20A2,-1.09065457,-0.363551523,0.333255563,0,-0.98988209,0,0.838884123
PDE1A,-0.939174769,-0.363551523,0.333255563,0,-0.993492448,0,0.839764986
ACE,-0.908878809,-0.363551523,0.333255563,0,-1.002458011,0,0.841938782
SMPD2,-1.09065457,-0.363551523,0.302959603,0,-1.007739689,0,0.843210277
ITPKC,-1.09065457,-0.363551523,0.302959603,0,-1.014293003,0,0.844778519
CTPS1,-0.999766689,-0.363551523,0.272663643,0,-1.039207174,0,0.850645803
XYLT1,-0.939174769,-0.363551523,0.272663643,0,-1.096980166,0,0.863674969
SLC29A4,-0.908878809,-0.363551523,0.272663643,0,-1.115518746,0,0.867685905
MAT2A,-1.06035861,-0.363551523,0.242367682,0,-1.129464089,0,0.870648945
CYP2C8,-0.908878809,-0.363551523,0.242367682,0,-1.145229653,0,0.873942981
FPGS,-0.999766689,-0.363551523,0.181775762,0,-1.278671872,0,0.899493686
SEPHS1,-1.03006265,-0.363551523,0.151479801,0,-1.362344602,0,0.913455421
OGDH,-0.969470729,-0.363551523,0.151479801,0,-1.381996138,0,0.916513557
GPD2,-0.969470729,-0.363551523,0.121183841,0,-1.436390237,0,0.924554335
NAMPT,-0.817990928,-0.363551523,0,0,-1.8611852,0,0.968640986
PFKL,-0.727103047,-0.363551523,0,0,-1.864849561,0,0.968898753
AHCYL1,-0.787694967,-0.363551523,-0.03029596,-0.03029596,-2.014934744,-0.030562311,0.978044257
GOT1,-0.757399007,-0.363551523,-0.060591921,-0.060591921,-2.28858477,-0.379916821,0.988948255
DCK,-1.181542451,-0.393847484,0.363551523,0,-0.969235104,0,0.83378605
ENO3,-1.242134372,-0.393847484,0.454439404,0,-1.019671388,0,0.846057832
SLC15A4,-1.242134372,-0.393847484,0.333255563,0,-1.021378227,0,0.846462362
OXSM,-1.151246491,-0.393847484,0.302959603,0,-1.053710471,0,0.853992253
GGT7,-0.969470729,-0.393847484,0.302959603,0,-1.054643622,0,0.854205827
CA5B,-1.120950531,-0.393847484,0.272663643,0,-1.086175308,0,0.86129928
EPHX1,-1.09065457,-0.393847484,0.302959603,0,-1.087298309,0,0.861547502
CNP,-1.181542451,-0.393847484,0.272663643,0,-1.104781686,0,0.865372901
SMPD3,-0.969470729,-0.393847484,0.333255563,0,-1.119872035,0,0.868615852
SLC16A1,-1.09065457,-0.393847484,0.272663643,0,-1.143009564,0,0.87348269
ALG10,-1.302726292,-0.393847484,0.242367682,0,-1.170361257,0,0.87907219
ST3GAL3,-0.908878809,-0.393847484,0.242367682,0,-1.216683996,0,0.888137765
TRDMT1,-3.484035433,-0.393847484,0.242367682,0,-1.294899898,0,0.902322618
COQ6,-1.03006265,-0.393847484,0.151479801,0,-1.33373929,0,0.908855343
ATP5MGL,-1.393614173,-0.393847484,0.181775762,0,-1.342697046,0,0.910314954
PDHX,-0.908878809,-0.393847484,0.090887881,0,-1.52712337,0,0.936634832
NDUFA6,-1.03006265,-0.393847484,0.090887881,0,-1.563863586,0,0.941075196
CAT,-0.939174769,-0.393847484,0.03029596,0,-1.679829894,0,0.953504791
ALDH2,-1.06035861,-0.424143444,2.787228346,0,-0.823431066,0,0.794868549
TMLHE,-0.999766689,-0.424143444,0.454439404,0,-0.881344171,0,0.810934217
CSGALNACT2,-1.151246491,-0.424143444,0.393847484,0,-0.90275971,0,0.816673281
GAD2,-0.908878809,-0.424143444,0.302959603,0,-0.976818703,0,0.835670542
ME3,-1.03006265,-0.424143444,0.333255563,0,-1.024175153,0,0.847123724
PLPP3,-1.181542451,-0.424143444,0.333255563,0,-1.048785426,0,0.852861557
SLC28A3,-1.03006265,-0.424143444,0.333255563,0,-1.096995867,0,0.863678401
ATP10A,-0.939174769,-0.424143444,0.302959603,0,-1.10886857,0,0.866256558
MAN1C1,-0.999766689,-0.424143444,0.272663643,0,-1.158185174,0,0.876605761
HMGCL,-1.333022253,-0.424143444,0.212071722,0,-1.269261953,0,0.897826174
DNMT3B,-1.03006265,-0.424143444,0.212071722,0,-1.328767927,0,0.908037727
HSD17B3,-0.969470729,-0.424143444,0.151479801,0,-1.412747504,0,0.921135011
UGT2B17,-0.908878809,-0.424143444,0.151479801,0,-1.418991161,0,0.922049204
RFK,-1.09065457,-0.424143444,0.121183841,0,-1.429072633,0,0.923508321
HS3ST3B1,-1.03006265,-0.424143444,0.151479801,0,-1.468213985,0,0.928976947
SLC11A2,-0.939174769,-0.424143444,0.03029596,0,-1.776592438,0,0.96218234
LAP3,-0.939174769,-0.424143444,0,0,-1.922769116,0,0.972745474
SLC4A8,-2.908412188,-0.454439404,3.12048391,0,-0.614727693,0,0.730632716
SLC5A3,-1.272430332,-0.454439404,0.363551523,0,-1.022474496,0,0.846721811
CSGALNACT1,-1.09065457,-0.454439404,2.544860664,0,-1.07395807,0,0.858579263
ENTPD5,-1.242134372,-0.454439404,0.333255563,0,-1.077455039,0,0.859361487
QDPR,-1.151246491,-0.454439404,0.302959603,0,-1.150855549,0,0.875104166
GNPDA2,-0.999766689,-0.454439404,0.272663643,0,-1.175820706,0,0.880166735
OXCT1,-1.242134372,-0.454439404,0.272663643,0,-1.182723957,0,0.881540717
ACAD11,-0.969470729,-0.454439404,0.181775762,0,-1.407006996,0,0.920287343
GMPPB,-0.999766689,-0.454439404,0.121183841,0,-1.496993018,0,0.932802463
GLB1,-0.999766689,-0.454439404,0.090887881,0,-1.617105669,0,0.947072263
IMPA2,-1.09065457,-0.454439404,0,0,-1.846050913,0,0.967557593
MGAT4B,-0.999766689,-0.454439404,-0.03029596,-0.03029596,-2.067670323,-0.113304104,0.980664483
GAA,-0.908878809,-0.454439404,-0.060591921,-0.060591921,-2.103956663,-0.162535405,0.982308886
XDH,-1.120950531,-0.484735365,0.242367682,0,-1.39669335,0,0.918747098
MECR,-1.151246491,-0.484735365,0.121183841,0,-1.477779247,0,0.930266563
EXT1,-1.363318213,-0.484735365,0.121183841,0,-1.487678045,0,0.93158209
SLC25A10,-1.09065457,-0.484735365,0,0,-1.862711328,0,0.968748554
GPT2,-1.03006265,-0.484735365,-0.03029596,-0.03029596,-2.034476259,-0.058819798,0.9790482
MTHFD1,-0.969470729,-0.484735365,-0.060591921,-0.060591921,-2.161424568,-0.22757388,0.984668721
GLRX,-0.969470729,-0.484735365,-0.060591921,-0.060591921,-2.205661165,-0.2760539,0.986296134
RDH10,-1.333022253,-0.515031325,0.393847484,0,-1.078759861,0,0.859652604
B4GALT6,-3.090187949,-0.515031325,2.999300068,0,-1.083944745,0,0.860805351
CHST3,-2.484268744,-0.515031325,2.787228346,0,-1.100641543,0,0.864473651
GFPT2,-2.756932386,-0.515031325,0.302959603,0,-1.233915647,0,0.891382831
SLC12A4,-2.514564704,-0.515031325,0.272663643,0,-1.287987282,0,0.901124805
CYP39A1,-1.06035861,-0.515031325,0.272663643,0,-1.316259989,0,0.905956602
MGST2,-1.242134372,-0.515031325,0.212071722,0,-1.334854692,0,0.909038045
ALOX5,-1.09065457,-0.515031325,0.212071722,0,-1.359163744,0,0.912952646
PMM2,-1.09065457,-0.515031325,0.181775762,0,-1.364887893,0,0.913855856
AKR1B1,-2.302492982,-0.515031325,0.212071722,0,-1.402412243,0,0.91960391
UGCG,-1.242134372,-0.515031325,0.121183841,0,-1.502702882,0,0.93354216
SLC25A4,-1.181542451,-0.515031325,0.060591921,0,-1.660109656,0,0.951553803
CTPS2,-1.302726292,-0.515031325,0.060591921,0,-1.671016715,0,0.952640812
B3GNT4,-1.06035861,-0.545327285,0.181775762,0,-1.445269284,0,0.925808869
PIGU,-1.272430332,-0.545327285,0.121183841,0,-1.580314788,0,0.942982603
HSD17B7,-1.211838411,-0.545327285,0.090887881,0,-1.602330189,0,0.945458693
ADSS2,-1.242134372,-0.545327285,0.03029596,0,-1.829483971,0,0.966336431
SOAT2,-1.120950531,-0.545327285,0.03029596,0,-1.852701492,0,0.968037422
GLUL,-0.999766689,-0.545327285,0,0,-1.959565723,0,0.974976715
ATP1B1,-1.03006265,-0.545327285,-0.121183841,-0.121183841,-2.478532157,-0.612065152,0.993403789
AMDHD1,-1.242134372,-0.575623245,0.181775762,0,-1.445129641,0,0.925789263
GNMT,-1.181542451,-0.575623245,0.121183841,0,-1.561649856,0,0.940814751
HSD17B2,-2.696340466,-0.575623245,0.121183841,0,-1.607288158,0,0.946004415
ACSBG1,-1.605685895,-0.575623245,0.121183841,0,-1.616865795,0,0.947046373
PLCH1,-3.15077987,-0.575623245,0.090887881,0,-1.707717411,0,0.956155605
SOD2,-1.242134372,-0.575623245,-0.03029596,-0.03029596,-1.961971957,0,0.975117125
KCNJ11,-1.302726292,-0.575623245,-0.03029596,-0.03029596,-2.02996128,-0.057144873,0.978819762
DUT,-1.09065457,-0.575623245,-0.121183841,-0.121183841,-2.436818516,-0.555386489,0.992591443
TMEM91,-3.332555632,-0.605919206,3.090187949,0,-1.047573038,0,0.852582317
BCO1,-1.181542451,-0.605919206,0.121183841,0,-1.570395234,0,0.941838405
MCEE,-1.211838411,-0.605919206,0.060591921,0,-1.736665849,0,0.958776915
ACE2,-3.696107155,-0.605919206,0.03029596,0,-1.823886616,0,0.965915392
KYNU,-1.272430332,-0.605919206,0.03029596,0,-1.854434431,0,0.968161484
MAN2B1,-3.393147552,-0.605919206,-0.060591921,-0.060591921,-2.14323789,-0.212995045,0.983952999
ATP6V0A4,-2.908412188,-0.636215166,0.090887881,0,-1.688688328,0,0.954360413
CHST11,-1.333022253,-0.636215166,0.03029596,0,-1.808153921,0,0.964708726
SLC26A1,-3.15077987,-0.636215166,0,0,-1.908993539,0,0.971868537
ACOT7,-1.423910133,-0.636215166,-0.03029596,-0.03029596,-2.036214159,-0.062394972,0.979135572
BCAT1,-1.454206094,-0.666511126,0.424143444,0,-0.992821396,0,0.839601499
DCTD,-1.423910133,-0.666511126,0.060591921,0,-1.761259887,0,0.960902787
COQ2,-1.363318213,-0.666511126,0.03029596,0,-1.824787289,0,0.965983433
ST6GAL1,-3.393147552,-0.666511126,0.03029596,0,-1.877865534,0,0.969800219
GGH,-1.454206094,-0.666511126,-0.03029596,-0.03029596,-2.047747236,-0.078204251,0.979707614
PLCE1,-3.271963711,-0.666511126,-0.060591921,-0.060591921,-2.04886791,-0.078204251,0.979762484
KYAT1,-3.241667751,-0.696807087,3.302259671,0,-0.145912372,0,0.558004718
GLA,-1.393614173,-0.696807087,0.121183841,0,-1.697233737,0,0.95517376
SRD5A1,-1.393614173,-0.696807087,0.03029596,0,-1.818498313,0,0.965505998
PLOD2,-1.423910133,-0.696807087,0.03029596,0,-1.831307262,0,0.966472653
B4GALT7,-1.423910133,-0.696807087,0,0,-1.900124611,0,0.971291616
AQP3,-3.665811195,-0.757399007,-0.242367682,-0.242367682,-2.462938579,-0.581269045,0.993109824
CBR3,-1.575389935,-0.787694967,-0.090887881,-0.090887881,-2.134114073,-0.203471981,0.983583278
INPP1,-3.453739473,-0.787694967,-0.181775762,-0.181775762,-2.365310366,-0.471471074,0.990992517
SLC25A27,-3.484035433,-0.817990928,-0.212071722,-0.212071722,-2.228803815,-0.299960844,0.987086519
DTYMK,-1.969237419,-1.242134372,-0.666511126,-0.666511126,-4.456092795,-2.739388235,0.999995827
RRM1,-2.029829339,-1.363318213,-0.666511126,-0.666511126,-3.85545236,-2.097668516,0.999942242
AKR1C1,-2.363084902,-1.454206094,0.878582848,0,-1.318369214,0,0.906309959
TYMS,-3.029596029,-2.363084902,-1.03006265,-1.03006265,-3.597300566,-1.84040416,0.999839232
TK1,-3.302259671,-2.726636426,-1.545093975,-1.545093975,-3.508823787,-1.755492656,0.999774953
OPLAH,-3.332555632,-2.787228346,2.787228346,0,-0.482541922,0,0.685289487
HSD17B1,-3.484035433,-2.878116227,-0.545327285,-0.545327285,-2.816292232,-1.000978901,0.997570927
PDE4A,-3.514331393,-2.908412188,1.545093975,0,-0.9062089,0,0.817587353
VNN3,-3.544627354,-2.908412188,0.696807087,0,-1.093614002,0,0.862937847
SLC26A6,-3.544627354,-2.938708148,0.908878809,0,-0.853402465,0,0.803281922
B3GALT4,-3.574923314,-2.938708148,-1.635981855,-1.635981855,-3.153137042,-1.369295676,0.99919237
DHRS4,-3.484035433,-2.969004108,2.363084902,0,-1.200033077,0,0.884936753
ARSB,-3.514331393,-2.999300068,1.181542451,0,-0.689260812,0,0.754670423
STRA6,-3.605219274,-2.999300068,2.09042126,0,-0.711780004,0,0.761699492
NAPRT,-3.544627354,-2.999300068,2.12071722,0,-1.105848258,0,0.865603898
PDE4D,-3.544627354,-2.999300068,-0.121183841,-0.121183841,-2.086389102,-0.146872509,0.981528304
GALT,-3.605219274,-3.059891989,0.787694967,0,-0.593978272,0,0.723736677
PIK3C2G,-3.605219274,-3.059891989,0.302959603,0,-1.66954799,0,0.952495586
SLC23A2,-3.574923314,-3.090187949,0.848286888,0,-0.447412007,0,0.672711196
SLC27A6,-3.635515234,-3.090187949,0.636215166,0,-1.001050969,0,0.841598916
SLC15A3,-3.756699076,-3.090187949,0.302959603,0,-1.571432588,0,0.941958899
GPX3,-3.605219274,-3.12048391,0.787694967,0,-0.659839653,0,0.745321633
MAOB,-3.665811195,-3.12048391,0.545327285,0,-0.934779619,0,0.825049057
TK2,-3.635515234,-3.12048391,0.757399007,0,-1.002368652,0,0.841917212
DLST,-3.605219274,-3.12048391,0.848286888,0,-1.3044828,0,0.90396549
CTH,-3.696107155,-3.15077987,0.454439404,0,-1.258081337,0,0.895818829
ENTPD1,-3.726403115,-3.15077987,0.212071722,0,-1.775769806,0,0.962114567
SLC52A1,-3.696107155,-3.15077987,-0.424143444,-0.424143444,-2.689246388,-0.855418631,0.996419323
ABCC4,-3.726403115,-3.18107583,0.848286888,0,-0.487834377,0,0.68716642
SLC9A7,-3.756699076,-3.18107583,0.696807087,0,-1.005482626,0,0.842667744
HSD11B2,-3.786995036,-3.18107583,0.181775762,0,-1.82240379,0,0.96580313
ITPKA,-3.756699076,-3.18107583,-0.848286888,-0.848286888,-2.553792755,-0.714135207,0.994672167
LIPG,-3.726403115,-3.18107583,-1.484502054,-1.484502054,-3.055215588,-1.260761202,0.998875506
SLC52A3,-3.786995036,-3.241667751,0.696807087,0,-0.518820935,0,0.698057191
SCLY,-3.756699076,-3.241667751,0.878582848,0,-0.68323721,0,0.752771518
PGGHG,-3.756699076,-3.241667751,0.848286888,0,-1.12115128,0,0.868888263
ENTPD2,-3.786995036,-3.241667751,0.515031325,0,-1.224163203,0,0.889554666
TBXAS1,-3.938474837,-3.241667751,0.757399007,0,-1.276922845,0,0.899185256
ASRGL1,-3.756699076,-3.241667751,-0.696807087,-0.696807087,-2.447065049,-0.562800523,0.992798758
XYLB,-3.877882917,-3.271963711,-0.090887881,-0.090887881,-1.997410571,-0.007384781,0.9771097
SLC24A3,-3.817290996,-3.302259671,0.817990928,0,-1.090714426,0,0.86230072
SLC2A13,-3.786995036,-3.302259671,0.121183841,0,-1.851408537,0,0.967944599
GLS2,-3.938474837,-3.302259671,-0.454439404,-0.454439404,-2.289006375,-0.379916821,0.988960509
NT5M,-3.847586956,-3.302259671,-0.302959603,-0.302959603,-2.525488751,-0.681434906,0.994223126
TPK1,-3.908178877,-3.332555632,-0.908878809,-0.908878809,-2.867956068,-1.060092413,0.997934336
CHKB,-3.938474837,-3.362851592,0.03029596,0,-1.883324986,0,0.97017183
PPOX,-3.786995036,-3.362851592,-0.242367682,-0.242367682,-2.368883004,-0.474730163,0.991079052
GALNT14,-3.877882917,-3.362851592,-2.363084902,-2.363084902,-2.651263796,-0.816098872,0.995990441
ALDH4A1,-3.908178877,-3.362851592,-2.635748545,-2.635748545,-3.351692596,-1.612067837,0.999598404
GCNT1,-3.908178877,-3.393147552,-1.696573776,-1.696573776,-2.643454728,-0.807111091,0.995896763
PIGL,-3.908178877,-3.423443512,0.212071722,0,-1.412729013,0,0.921132291
GANC,-3.938474837,-3.453739473,0.484735365,0,-1.146308601,0,0.874166257
ABCD1,-3.999066758,-3.453739473,-2.666044505,-2.666044505,-3.353781641,-1.612067837,0.999601424
SLC25A21,-4.059658678,-3.514331393,-2.514564704,-2.514564704,-3.262980364,-1.503158928,0.999448764
SPHK2,-4.089954639,-3.544627354,0.575623245,0,-1.072113953,0,0.858165574
DGAT2,-3.999066758,-3.544627354,0.212071722,0,-1.407550172,0,0.920367845
A4GALT,-4.21113848,-3.665811195,0.181775762,0,-1.531381518,0,0.937162435
EXTL2,-4.089954639,-3.696107155,0.393847484,0,-1.20250826,0,0.885416666
SUV39H1,-4.362618281,-3.938474837,-0.151479801,-0.151479801,-2.14700788,-0.213644631,0.984103673
RRM2,-4.574690003,-3.968770798,-2.969004108,-2.969004108,-4.787925369,-3.105333969,0.999999157
